罪名,手口,管轄警察署（発生地）,管轄交番・駐在所（発生地）,市区町村コード（発生地）,都道府県（発生地）,市区町村（発生地）,町丁目（発生地）,発生年月日（始期）,発生時（始期）,発生場所の属性,施錠関係,盗難防止装置の有無,現金以外の主な被害品
窃盗,オートバイ盗,千葉中央,本町交番,121011,千葉県,千葉市中央区,要町,2018-01-12,07,道路上,キーあり,なし,原動機付自転車（50cc以下）
窃盗,オートバイ盗,千葉中央,蘇我駅前交番,121011,千葉県,千葉市中央区,南町２丁目,2018-06-08,10,駐車（輪）場,キーあり,なし,原動機付自転車（50cc以下）
窃盗,オートバイ盗,千葉中央,蘇我駅前交番,121011,千葉県,千葉市中央区,南町２丁目,2018-07-09,08,駐車（輪）場,キーあり,なし,原動機付自転車（50cc以下）
窃盗,オートバイ盗,千葉中央,浜野駅前交番,121011,千葉県,千葉市中央区,浜野町,2017-12-30,13,その他の住宅（３階建て以下共同住宅等）,キーあり,なし,自動二輪（50cc超）
窃盗,オートバイ盗,習志野,秋津交番,122165,千葉県,習志野市,秋津２丁目,2015-12-05,12,４階建て以上共同住宅,キーあり,なし,原動機付自転車（50cc以下）
窃盗,オートバイ盗,習志野,京成大久保駅前交番,122165,千葉県,習志野市,泉町３丁目,2018-07-07,12,４階建て以上共同住宅,キーあり,なし,原動機付自転車（50cc以下）
窃盗,オートバイ盗,習志野,京成大久保駅前交番,122165,千葉県,習志野市,大久保２丁目,2018-10-17,18,その他の住宅（３階建て以下共同住宅等）,キーあり,なし,原動機付自転車（50cc以下）
窃盗,オートバイ盗,習志野,京成大久保駅前交番,122165,千葉県,習志野市,藤崎３丁目,2018-05-10,09,その他の住宅（３階建て以下共同住宅等）,キーあり,なし,原動機付自転車（50cc以下）
窃盗,オートバイ盗,習志野,京成大久保駅前交番,122165,千葉県,習志野市,本大久保５丁目,2018-08-04,14,駐車（輪）場,キーあり,なし,原動機付自転車（50cc以下）
窃盗,オートバイ盗,習志野,袖ヶ浦交番,122165,千葉県,習志野市,袖ケ浦２丁目,2018-10-04,21,４階建て以上共同住宅,キーあり,あり,自動二輪（50cc超）
窃盗,オートバイ盗,習志野,津田沼駅前交番,122165,千葉県,習志野市,津田沼１丁目,2018-02-24,13,駐車（輪）場,キーあり,なし,原動機付自転車（50cc以下）
窃盗,オートバイ盗,習志野,津田沼駅前交番,122165,千葉県,習志野市,津田沼１丁目,2018-04-07,16,駐車（輪）場,キーあり,なし,原動機付自転車（50cc以下）
窃盗,オートバイ盗,習志野,津田沼駅前交番,122165,千葉県,習志野市,津田沼１丁目,2018-04-22,07,駐車（輪）場,キーあり,なし,原動機付自転車（50cc以下）
窃盗,オートバイ盗,習志野,津田沼駅前交番,122165,千葉県,習志野市,津田沼１丁目,2018-04-23,19,その他,キーあり,なし,自動二輪（50cc超）
窃盗,オートバイ盗,習志野,津田沼駅前交番,122165,千葉県,習志野市,津田沼１丁目,2018-07-26,07,駐車（輪）場,キーあり,なし,原動機付自転車（50cc以下）
窃盗,オートバイ盗,習志野,津田沼駅前交番,122165,千葉県,習志野市,津田沼１丁目,2018-09-01,15,駐車（輪）場,キーあり,なし,原動機付自転車（50cc以下）
窃盗,オートバイ盗,習志野,津田沼駅前交番,122165,千葉県,習志野市,津田沼１丁目,2018-09-20,07,駐車（輪）場,キーあり,なし,原動機付自転車（50cc以下）
窃盗,オートバイ盗,習志野,津田沼駅前交番,122165,千葉県,習志野市,津田沼１丁目,2018-11-07,12,駐車（輪）場,キーあり,なし,原動機付自転車（50cc以下）
窃盗,オートバイ盗,習志野,津田沼駅前交番,122165,千葉県,習志野市,津田沼１丁目,2018-12-01,17,駐車（輪）場,キーあり,なし,原動機付自転車（50cc以下）
窃盗,オートバイ盗,習志野,津田沼駅前交番,122165,千葉県,習志野市,津田沼２丁目,2014-06-15,08,４階建て以上共同住宅,キーあり,なし,自動二輪（50cc超）
窃盗,オートバイ盗,習志野,津田沼駅前交番,122165,千葉県,習志野市,津田沼２丁目,2018-08-30,11,４階建て以上共同住宅,キーあり,なし,自動二輪（50cc超）
窃盗,オートバイ盗,習志野,実籾交番,122165,千葉県,習志野市,東習志野４丁目,2018-08-25,09,４階建て以上共同住宅,キーあり,なし,原動機付自転車（50cc以下）
窃盗,オートバイ盗,習志野,谷津交番,122165,千葉県,習志野市,谷津３丁目,不明,不明,４階建て以上共同住宅,キーあり,なし,原動機付自転車（50cc以下）
窃盗,オートバイ盗,習志野,谷津交番,122165,千葉県,習志野市,谷津３丁目,2018-03-10,06,駐車（輪）場,キーあり,なし,自動二輪（50cc超）
窃盗,オートバイ盗,船橋,行田交番,122041,千葉県,船橋市,上山町１丁目,2018-07-31,16,駐車（輪）場,キーあり,なし,原動機付自転車（50cc以下）
窃盗,オートバイ盗,船橋,新船橋駅前交番,122041,千葉県,船橋市,夏見３丁目,2018-03-27,18,道路上,キーあり,なし,原動機付自転車（50cc以下）
窃盗,オートバイ盗,船橋,中山駅前交番,122041,千葉県,船橋市,本中山７丁目,2018-09-05,18,道路上,キーあり,なし,原動機付自転車（50cc以下）
窃盗,オートバイ盗,船橋,西船橋駅前交番,122041,千葉県,船橋市,印内町,2018-06-02,12,その他,キーあり,なし,原動機付自転車（50cc以下）
窃盗,オートバイ盗,船橋,浜町交番,122041,千葉県,船橋市,浜町２丁目,2018-03-20,18,その他,キーあり,なし,原動機付自転車（50cc以下）
窃盗,オートバイ盗,船橋,浜町交番,122041,千葉県,船橋市,浜町２丁目,2018-05-03,18,駐車（輪）場,キーあり,なし,原動機付自転車（50cc以下）
窃盗,オートバイ盗,船橋,浜町交番,122041,千葉県,船橋市,浜町２丁目,2018-09-10,18,駐車（輪）場,キーあり,あり,自動二輪（50cc超）
窃盗,オートバイ盗,船橋,浜町交番,122041,千葉県,船橋市,浜町２丁目,2018-10-18,08,その他,キーあり,あり,自動二輪（50cc超）
窃盗,オートバイ盗,船橋,浜町交番,122041,千葉県,船橋市,浜町２丁目,2018-11-19,13,駐車（輪）場,キーあり,なし,原動機付自転車（50cc以下）
窃盗,オートバイ盗,船橋,船橋駅前交番,122041,千葉県,船橋市,本町３丁目,2018-09-14,10,駐車（輪）場,キーあり,なし,原動機付自転車（50cc以下）
窃盗,オートバイ盗,船橋,船橋駅前交番,122041,千葉県,船橋市,本町４丁目,2018-01-10,11,道路上,キーあり,なし,原動機付自転車（50cc以下）
窃盗,オートバイ盗,船橋,船橋駅前交番,122041,千葉県,船橋市,本町４丁目,2018-08-14,16,駐車（輪）場,キーあり,なし,原動機付自転車（50cc以下）
窃盗,オートバイ盗,船橋,法典交番,122041,千葉県,船橋市,丸山５丁目,2018-02-02,22,一戸建住宅,キーあり,なし,原動機付自転車（50cc以下）
窃盗,オートバイ盗,船橋,法典交番,122041,千葉県,船橋市,藤原８丁目,2018-06-21,11,駐車（輪）場,キーあり,あり,原動機付自転車（50cc以下）
窃盗,オートバイ盗,船橋,緑台交番,122041,千葉県,船橋市,新高根６丁目,2018-05-21,19,その他,キーあり,なし,原動機付自転車（50cc以下）
窃盗,オートバイ盗,市川,市川駅前交番,122033,千葉県,市川市,新田２丁目,2018-02-07,13,一戸建住宅,キーあり,なし,自動二輪（50cc超）
窃盗,オートバイ盗,市川,市川駅前交番,122033,千葉県,市川市,新田４丁目,2018-07-15,09,駐車（輪）場,キーあり,なし,原動機付自転車（50cc以下）
窃盗,オートバイ盗,市川,大野駅前交番,122033,千葉県,市川市,大野町４丁目,2018-04-02,18,駐車（輪）場,キーあり,あり,自動二輪（50cc超）
窃盗,オートバイ盗,市川,大野駅前交番,122033,千葉県,市川市,大町,2018-12-28,10,駐車（輪）場,キーあり,なし,原動機付自転車（50cc以下）
窃盗,オートバイ盗,市川,国府台交番,122033,千葉県,市川市,市川４丁目,2018-03-29,18,４階建て以上共同住宅,キーあり,なし,自動二輪（50cc超）
窃盗,オートバイ盗,市川,国府台交番,122033,千葉県,市川市,国府台１丁目,2018-11-27,13,駐車（輪）場,キーあり,なし,原動機付自転車（50cc以下）
窃盗,オートバイ盗,市川,菅野交番,122033,千葉県,市川市,宮久保３丁目,2018-12-26,11,駐車（輪）場,キーあり,なし,原動機付自転車（50cc以下）
窃盗,オートバイ盗,市川,菅野交番,122033,千葉県,市川市,宮久保４丁目,2018-10-07,10,駐車（輪）場,キーあり,なし,原動機付自転車（50cc以下）
窃盗,オートバイ盗,市川,原木交番,122033,千葉県,市川市,高谷１丁目,2018-05-03,16,その他の住宅（３階建て以下共同住宅等）,キーあり,なし,自動二輪（50cc超）
窃盗,オートバイ盗,市川,原木交番,122033,千葉県,市川市,原木１丁目,2018-10-14,17,その他の住宅（３階建て以下共同住宅等）,キーあり,なし,原動機付自転車（50cc以下）
窃盗,オートバイ盗,市川,南八幡交番,122033,千葉県,市川市,鬼高３丁目,2018-08-11,11,その他,キーあり,あり,自動二輪（50cc超）
窃盗,オートバイ盗,市川,柏井交番,122033,千葉県,市川市,宮久保５丁目,2018-08-29,03,その他の住宅（３階建て以下共同住宅等）,キーあり,なし,原動機付自転車（50cc以下）
窃盗,オートバイ盗,浦安,新浦安駅前交番,122271,千葉県,浦安市,入船１丁目,2018-11-15,21,駐車（輪）場,キーあり,なし,原動機付自転車（50cc以下）
窃盗,オートバイ盗,浦安,富士見交番,122271,千葉県,浦安市,堀江５丁目,2018-08-24,19,道路上,キーあり,なし,原動機付自転車（50cc以下）
窃盗,オートバイ盗,松戸,北松戸交番,122076,千葉県,松戸市,中和倉,2018-09-16,12,道路上,キーあり,なし,原動機付自転車（50cc以下）
窃盗,オートバイ盗,松戸,北松戸交番,122076,千葉県,松戸市,南花島１丁目,2018-06-21,17,駐車（輪）場,キーあり,なし,自動二輪（50cc超）
窃盗,オートバイ盗,松戸,新松戸交番,122076,千葉県,松戸市,新松戸１丁目,2017-12-20,12,駐車（輪）場,キーあり,なし,原動機付自転車（50cc以下）
窃盗,オートバイ盗,松戸,新松戸交番,122076,千葉県,松戸市,新松戸１丁目,2018-03-24,14,その他の住宅（３階建て以下共同住宅等）,キーあり,なし,自動二輪（50cc超）
窃盗,オートバイ盗,松戸,新松戸交番,122076,千葉県,松戸市,新松戸３丁目,2018-03-31,20,４階建て以上共同住宅,キーあり,なし,原動機付自転車（50cc以下）
窃盗,オートバイ盗,松戸,二十世紀が丘交番,122076,千葉県,松戸市,二十世紀が丘萩町,2018-03-21,20,その他,キーあり,なし,自動二輪（50cc超）
窃盗,オートバイ盗,松戸,二十世紀が丘交番,122076,千葉県,松戸市,二十世紀が丘萩町,2018-03-21,20,その他,キーあり,なし,自動二輪（50cc超）
窃盗,オートバイ盗,松戸,二十世紀が丘交番,122076,千葉県,松戸市,二十世紀が丘萩町,2018-03-23,17,その他,キーあり,なし,なし
窃盗,オートバイ盗,松戸,二十世紀が丘交番,122076,千葉県,松戸市,松戸,2018-04-20,10,駐車（輪）場,キーあり,なし,自動二輪（50cc超）
窃盗,オートバイ盗,松戸,松戸駅前交番,122076,千葉県,松戸市,古ケ崎,2018-03-30,22,道路上,キーあり,なし,原動機付自転車（50cc以下）
窃盗,オートバイ盗,松戸,松戸駅前交番,122076,千葉県,松戸市,樋野口,2018-03-30,09,その他の住宅（３階建て以下共同住宅等）,キーあり,なし,自動二輪（50cc超）
窃盗,オートバイ盗,松戸,馬橋西交番,122076,千葉県,松戸市,西馬橋１丁目,2018-02-25,15,一戸建住宅,キーあり,なし,原動機付自転車（50cc以下）
窃盗,オートバイ盗,松戸,矢切交番,122076,千葉県,松戸市,上矢切,2018-07-04,16,その他の住宅（３階建て以下共同住宅等）,キーあり,なし,原動機付自転車（50cc以下）
窃盗,オートバイ盗,松戸,矢切交番,122076,千葉県,松戸市,下矢切,2018-07-04,03,道路上,キーあり,なし,自動二輪（50cc超）
窃盗,オートバイ盗,松戸,八柱交番,122076,千葉県,松戸市,千駄堀,2018-01-10,05,駐車（輪）場,キーあり,なし,自動二輪（50cc超）
窃盗,オートバイ盗,松戸,八柱交番,122076,千葉県,松戸市,牧の原２丁目,2018-08-21,22,駐車（輪）場,キーあり,なし,原動機付自転車（50cc以下）
窃盗,オートバイ盗,松戸,八柱交番,122076,千葉県,松戸市,松戸,2018-02-26,01,その他の住宅（３階建て以下共同住宅等）,キーあり,なし,自動二輪（50cc超）
窃盗,オートバイ盗,松戸,小根本交番,122076,千葉県,松戸市,岩瀬,2018-05-21,14,道路上,キーあり,なし,原動機付自転車（50cc以下）
窃盗,オートバイ盗,松戸,栄町交番,122076,千葉県,松戸市,古ケ崎３丁目,2018-03-15,00,一戸建住宅,キーあり,なし,原動機付自転車（50cc以下）
窃盗,オートバイ盗,野田,川間駅前交番,122084,千葉県,野田市,岩名２丁目,2017-09-01,08,その他の住宅（３階建て以下共同住宅等）,キーあり,なし,自動二輪（50cc超）
窃盗,オートバイ盗,野田,南部交番,122084,千葉県,野田市,山崎,2018-11-01,18,一戸建住宅,キーあり,なし,自動二輪（50cc超）
窃盗,オートバイ盗,野田,野田市駅前交番,122084,千葉県,野田市,堤台,2018-12-03,18,駐車（輪）場,キーあり,なし,原動機付自転車（50cc以下）
窃盗,オートバイ盗,野田,野田市駅前交番,122084,千葉県,野田市,中根,2018-06-21,11,駐車（輪）場,キーあり,なし,原動機付自転車（50cc以下）
窃盗,オートバイ盗,野田,野田市駅前交番,122084,千葉県,野田市,中根,2018-08-01,00,駐車（輪）場,キーあり,なし,自動二輪（50cc超）
窃盗,オートバイ盗,野田,野田市駅前交番,122084,千葉県,野田市,中根,2018-12-26,19,駐車（輪）場,キーあり,なし,自動二輪（50cc超）
窃盗,オートバイ盗,野田,野田市駅前交番,122084,千葉県,野田市,野田,2018-07-30,11,駐車（輪）場,キーあり,なし,自動二輪（50cc超）
窃盗,オートバイ盗,野田,野田市駅前交番,122084,千葉県,野田市,野田,2018-12-19,10,駐車（輪）場,キーあり,なし,原動機付自転車（50cc以下）
窃盗,オートバイ盗,柏,旭町交番,122173,千葉県,柏市,あけぼの３丁目,2017-01-01,00,その他の住宅（３階建て以下共同住宅等）,キーあり,なし,原動機付自転車（50cc以下）
窃盗,オートバイ盗,柏,旭町交番,122173,千葉県,柏市,旭町５丁目,2018-09-18,15,道路上,キーあり,なし,自動二輪（50cc超）
窃盗,オートバイ盗,柏,大津ヶ丘交番,122173,千葉県,柏市,大津ケ丘２丁目,2018-01-15,17,４階建て以上共同住宅,キーあり,なし,なし
窃盗,オートバイ盗,柏,大津ヶ丘交番,122173,千葉県,柏市,大津ケ丘４丁目,2018-05-11,06,道路上,キーあり,なし,原動機付自転車（50cc以下）
窃盗,オートバイ盗,柏,大津ヶ丘交番,122173,千葉県,柏市,大津ケ丘４丁目,2018-10-29,08,４階建て以上共同住宅,キーあり,なし,原動機付自転車（50cc以下）
窃盗,オートバイ盗,柏,柏駅前交番,122173,千葉県,柏市,泉町,2018-05-26,06,駐車（輪）場,キーあり,なし,自動二輪（50cc超）
窃盗,オートバイ盗,柏,柏駅前交番,122173,千葉県,柏市,柏,2018-10-11,20,駐車（輪）場,キーあり,なし,自動二輪（50cc超）
窃盗,オートバイ盗,柏,柏駅前交番,122173,千葉県,柏市,柏４丁目,2018-03-19,18,その他,キーあり,なし,原動機付自転車（50cc以下）
窃盗,オートバイ盗,柏,柏駅前交番,122173,千葉県,柏市,中央１丁目,2018-10-03,13,道路上,キーあり,なし,原動機付自転車（50cc以下）
窃盗,オートバイ盗,柏,柏駅前交番,122173,千葉県,柏市,中央町,2018-07-05,17,その他,キーあり,なし,原動機付自転車（50cc以下）
窃盗,オートバイ盗,柏,北柏駅前交番,122173,千葉県,柏市,根戸,2018-10-08,22,その他の住宅（３階建て以下共同住宅等）,キーあり,なし,原動機付自転車（50cc以下）
窃盗,オートバイ盗,柏,豊四季駅前交番,122173,千葉県,柏市,豊四季,2018-05-14,06,その他,キーあり,なし,原動機付自転車（50cc以下）
窃盗,オートバイ盗,柏,増尾駅前交番,122173,千葉県,柏市,増尾台４丁目,2018-10-18,21,道路上,キーあり,なし,原動機付自転車（50cc以下）
窃盗,オートバイ盗,柏,松葉町交番,122173,千葉県,柏市,篠籠田,2018-05-21,07,その他,キーあり,なし,自動二輪（50cc超）
窃盗,オートバイ盗,柏,緑ヶ丘交番,122173,千葉県,柏市,東柏２丁目,2018-04-12,18,駐車（輪）場,キーあり,なし,自動二輪（50cc超）
窃盗,オートバイ盗,柏,南柏駅前交番,122173,千葉県,柏市,豊四季,2015-10-01,18,駐車（輪）場,キーあり,なし,原動機付自転車（50cc以下）
窃盗,オートバイ盗,柏,南増尾交番,122173,千葉県,柏市,南増尾,2018-04-19,16,その他,キーあり,なし,原動機付自転車（50cc以下）
窃盗,オートバイ盗,柏,南増尾交番,122173,千葉県,柏市,南逆井４丁目,2018-01-20,21,一戸建住宅,キーあり,なし,自動二輪（50cc超）
窃盗,オートバイ盗,柏,柏の葉キャンパス交番,122173,千葉県,柏市,柏の葉３丁目,2018-10-01,16,一戸建住宅,キーあり,なし,原動機付自転車（50cc以下）
窃盗,オートバイ盗,柏,藤ヶ谷駐在所,122173,千葉県,柏市,藤ケ谷,2018-01-28,22,一戸建住宅,キーあり,なし,自動二輪（50cc超）
窃盗,オートバイ盗,佐倉,八街幹部交番,122301,千葉県,八街市,八街に,2018-07-29,10,その他,キーあり,あり,原動機付自転車（50cc以下）
窃盗,オートバイ盗,佐倉,臼井交番,122122,千葉県,佐倉市,南臼井台,2018-10-23,21,その他の住宅（３階建て以下共同住宅等）,キーあり,あり,自動二輪（50cc超）
窃盗,オートバイ盗,佐倉,京成佐倉駅前交番,122122,千葉県,佐倉市,宮ノ台１丁目,2018-09-10,19,一戸建住宅,キーあり,なし,自動二輪（50cc超）
窃盗,オートバイ盗,佐倉,佐倉駅前交番,122122,千葉県,佐倉市,鏑木町,2018-10-13,19,その他,キーあり,なし,原動機付自転車（50cc以下）
窃盗,オートバイ盗,佐倉,佐倉駅前交番,122122,千葉県,佐倉市,城,2018-11-24,09,一戸建住宅,キーあり,なし,原動機付自転車（50cc以下）
窃盗,オートバイ盗,佐倉,佐倉駅前交番,122122,千葉県,佐倉市,大崎台１丁目,2018-10-25,18,その他の住宅（３階建て以下共同住宅等）,キーあり,なし,原動機付自転車（50cc以下）
窃盗,オートバイ盗,佐倉,佐倉駅前交番,122122,千葉県,佐倉市,山王１丁目,2018-08-23,22,一戸建住宅,キーあり,なし,自動二輪（50cc超）
窃盗,オートバイ盗,佐倉,酒々井交番,123226,千葉県,酒々井町,飯積１丁目,2018-12-06,09,駐車（輪）場,キーあり,なし,原動機付自転車（50cc以下）
窃盗,オートバイ盗,佐倉,酒々井交番,123226,千葉県,酒々井町,酒々井,2018-09-28,08,道路上,キーあり,なし,原動機付自転車（50cc以下）
窃盗,オートバイ盗,佐倉,酒々井交番,123226,千葉県,酒々井町,中川,2018-10-03,13,駐車（輪）場,キーあり,なし,原動機付自転車（50cc以下）
窃盗,オートバイ盗,佐倉,京成志津駅前交番,122122,千葉県,佐倉市,井野,2018-09-01,23,駐車（輪）場,キーあり,なし,自動二輪（50cc超）
窃盗,オートバイ盗,佐倉,榎戸交番,122301,千葉県,八街市,榎戸,2018-05-18,09,道路上,キーあり,なし,原動機付自転車（50cc以下）
窃盗,オートバイ盗,佐倉,榎戸交番,122301,千葉県,八街市,八街は,2018-05-03,11,駐車（輪）場,キーあり,なし,原動機付自転車（50cc以下）
窃盗,オートバイ盗,佐倉,吉倉交番,122301,千葉県,八街市,八街ほ,2018-12-06,08,駐車（輪）場,キーあり,なし,原動機付自転車（50cc以下）
窃盗,オートバイ盗,佐倉,八街駅前交番,122301,千葉県,八街市,八街ほ,2018-10-02,05,駐車（輪）場,キーあり,なし,原動機付自転車（50cc以下）
窃盗,オートバイ盗,佐倉,八街駅前交番,122301,千葉県,八街市,八街ほ,2018-10-27,13,駐車（輪）場,キーあり,なし,原動機付自転車（50cc以下）
窃盗,オートバイ盗,佐倉,八街駅前交番,122301,千葉県,八街市,八街ほ,2018-12-02,09,駐車（輪）場,キーあり,なし,原動機付自転車（50cc以下）
窃盗,オートバイ盗,佐倉,八街駅前交番,122301,千葉県,八街市,八街ほ,2018-12-25,13,駐車（輪）場,キーあり,なし,原動機付自転車（50cc以下）
窃盗,オートバイ盗,成田,七栄交番,122335,千葉県,富里市,七栄,2018-05-25,01,一戸建住宅,キーあり,あり,自動二輪（50cc超）
窃盗,オートバイ盗,成田,七栄交番,122335,千葉県,富里市,七栄,2018-07-20,07,その他の住宅（３階建て以下共同住宅等）,キーあり,なし,自動二輪（50cc超）
窃盗,オートバイ盗,成田,成田駅前交番,122114,千葉県,成田市,花崎町,2017-05-20,10,駐車（輪）場,キーあり,なし,原動機付自転車（50cc以下）
窃盗,オートバイ盗,成田,公津の杜交番,122114,千葉県,成田市,公津の杜５丁目,2018-04-06,21,その他の住宅（３階建て以下共同住宅等）,キーあり,なし,自動二輪（50cc超）
窃盗,オートバイ盗,成田,多良貝駐在所,122114,千葉県,成田市,新田,2018-03-08,08,一戸建住宅,キーあり,なし,自動二輪（50cc超）
窃盗,オートバイ盗,印西,白井交番,122327,千葉県,白井市,根,2018-07-17,20,４階建て以上共同住宅,キーあり,なし,原動機付自転車（50cc以下）
窃盗,オートバイ盗,印西,小林交番,122319,千葉県,印西市,小林,2018-03-28,07,その他,キーあり,なし,原動機付自転車（50cc以下）
窃盗,オートバイ盗,印西,牧の原前交番,122319,千葉県,印西市,牧の原２丁目,2018-07-17,10,駐車（輪）場,キーあり,なし,原動機付自転車（50cc以下）
窃盗,オートバイ盗,印西,冨士駐在所,122327,千葉県,白井市,冨士,2018-05-29,21,その他の住宅（３階建て以下共同住宅等）,キーあり,なし,原動機付自転車（50cc以下）
窃盗,オートバイ盗,香取,佐原駅前交番,122360,千葉県,香取市,佐原イ,2018-08-04,23,その他,キーあり,なし,自動二輪（50cc超）
窃盗,オートバイ盗,香取,神里駐在所,122360,千葉県,香取市,油田,2018-08-30,12,一戸建住宅,キーあり,なし,原動機付自転車（50cc以下）
窃盗,オートバイ盗,旭,署所在地,122157,千葉県,旭市,ニ,2018-07-18,23,駐車（輪）場,キーあり,なし,原動機付自転車（50cc以下）
窃盗,オートバイ盗,旭,署所在地,122157,千葉県,旭市,ハ,2018-08-04,19,その他の住宅（３階建て以下共同住宅等）,キーあり,なし,自動二輪（50cc超）
窃盗,オートバイ盗,旭,署所在地,122157,千葉県,旭市,ロ,2018-10-10,21,一戸建住宅,キーあり,なし,原動機付自転車（50cc以下）
窃盗,オートバイ盗,旭,富浦駐在所,122157,千葉県,旭市,中谷里,2018-06-19,12,その他,キーあり,なし,原動機付自転車（50cc以下）
窃盗,オートバイ盗,東金,大網駅前交番,122394,千葉県,大網白里市,みずほ台３丁目,2018-02-22,20,一戸建住宅,キーあり,あり,自動二輪（50cc超）
窃盗,オートバイ盗,東金,東金駅前交番,122131,千葉県,東金市,田間２丁目,2018-02-01,16,駐車（輪）場,キーあり,なし,原動機付自転車（50cc以下）
窃盗,オートバイ盗,茂原,一宮幹部交番,124214,千葉県,一宮町,一宮,2018-07-14,18,一戸建住宅,キーあり,なし,原動機付自転車（50cc以下）
窃盗,オートバイ盗,茂原,八積駐在所,124231,千葉県,長生村,岩沼,2018-03-27,07,一戸建住宅,キーあり,なし,自動二輪（50cc超）
窃盗,オートバイ盗,いすみ,東海駐在所,122386,千葉県,いすみ市,日在,2018-01-26,10,駐車（輪）場,キーあり,なし,原動機付自転車（50cc以下）
窃盗,オートバイ盗,勝浦,勝浦駅前交番,122181,千葉県,勝浦市,新官,2018-11-14,12,駐車（輪）場,キーあり,なし,原動機付自転車（50cc以下）
窃盗,オートバイ盗,勝浦,松野駐在所,122181,千葉県,勝浦市,関谷,2017-12-22,14,駐車（輪）場,キーあり,なし,原動機付自転車（50cc以下）
窃盗,オートバイ盗,市原,南総幹部交番,122190,千葉県,市原市,牛久,2018-01-06,15,一戸建住宅,キーあり,なし,原動機付自転車（50cc以下）
窃盗,オートバイ盗,市原,南総幹部交番,122190,千葉県,市原市,牛久,2018-02-03,06,その他,キーあり,なし,原動機付自転車（50cc以下）
窃盗,オートバイ盗,市原,辰巳台交番,122190,千葉県,市原市,辰巳台西２丁目,2018-09-19,22,一戸建住宅,キーあり,なし,自動二輪（50cc超）
窃盗,オートバイ盗,市原,有秋交番,122190,千葉県,市原市,深城,2018-12-16,07,道路上,キーあり,なし,原動機付自転車（50cc以下）
窃盗,オートバイ盗,市原,有秋交番,122190,千葉県,市原市,椎の木台１丁目,2018-03-01,16,一戸建住宅,キーあり,なし,原動機付自転車（50cc以下）
窃盗,オートバイ盗,市原,光風台交番,122190,千葉県,市原市,馬立,2018-07-08,14,駐車（輪）場,キーあり,なし,原動機付自転車（50cc以下）
窃盗,オートバイ盗,市原,白金交番,122190,千葉県,市原市,白金町５丁目,2018-08-06,15,その他,キーあり,なし,自動二輪（50cc超）
窃盗,オートバイ盗,市原,白金交番,122190,千葉県,市原市,五井金杉１丁目,2017-12-20,00,その他,キーあり,なし,原動機付自転車（50cc以下）
窃盗,オートバイ盗,市原,五井西交番,122190,千葉県,市原市,玉前,2018-12-03,16,その他の住宅（３階建て以下共同住宅等）,キーあり,なし,原動機付自転車（50cc以下）
窃盗,オートバイ盗,市原,五井西交番,122190,千葉県,市原市,五井中央東２丁目,2018-06-30,14,その他,キーあり,なし,原動機付自転車（50cc以下）
窃盗,オートバイ盗,市原,潤井戸駐在所,122190,千葉県,市原市,うるいど南４丁目,2018-05-22,12,その他,キーあり,なし,原動機付自転車（50cc以下）
窃盗,オートバイ盗,市原,東国吉駐在所,122190,千葉県,市原市,瀬又,2018-02-17,20,駐車（輪）場,キーあり,あり,自動二輪（50cc超）
窃盗,オートバイ盗,木更津,小浜交番,122068,千葉県,木更津市,畑沢南５丁目,2018-09-03,22,一戸建住宅,キーあり,あり,自動二輪（50cc超）
窃盗,オートバイ盗,木更津,木更津駅前交番,122068,千葉県,木更津市,富士見１丁目,2018-07-06,17,駐車（輪）場,キーあり,なし,原動機付自転車（50cc以下）
窃盗,オートバイ盗,木更津,清見台交番,122068,千葉県,木更津市,清見台南５丁目,2018-01-23,18,駐車（輪）場,キーあり,なし,原動機付自転車（50cc以下）
窃盗,オートバイ盗,木更津,袖ヶ浦駅前交番,122297,千葉県,袖ケ浦市,蔵波,2018-09-05,17,駐車（輪）場,キーあり,なし,原動機付自転車（50cc以下）
窃盗,オートバイ盗,木更津,長須賀交番,122068,千葉県,木更津市,清見台２丁目,2018-08-09,00,その他,キーあり,なし,原動機付自転車（50cc以下）
窃盗,オートバイ盗,木更津,長須賀交番,122068,千葉県,木更津市,祇園,2018-01-29,21,その他の住宅（３階建て以下共同住宅等）,キーあり,なし,原動機付自転車（50cc以下）
窃盗,オートバイ盗,木更津,長須賀交番,122068,千葉県,木更津市,永井作,2018-04-11,15,その他,キーあり,なし,自動二輪（50cc超）
窃盗,オートバイ盗,富津,新井交番,122262,千葉県,富津市,富津,2018-04-26,00,その他の住宅（３階建て以下共同住宅等）,キーあり,なし,原動機付自転車（50cc以下）
窃盗,オートバイ盗,館山,吉浜駐在所,124630,千葉県,鋸南町,吉浜,2018-04-28,14,その他,キーあり,なし,原動機付自転車（50cc以下）
窃盗,オートバイ盗,鴨川,鴨川駅前交番,122238,千葉県,鴨川市,横渚,2018-02-01,01,道路上,キーあり,なし,原動機付自転車（50cc以下）
窃盗,オートバイ盗,千葉西,稲毛駅前交番,121037,千葉県,千葉市稲毛区,稲毛東４丁目,2018-01-26,07,駐車（輪）場,キーあり,あり,原動機付自転車（50cc以下）
窃盗,オートバイ盗,千葉西,検見川浜駅前交番,121029,千葉県,千葉市花見川区,花園４丁目,2018-05-02,00,道路上,キーあり,なし,原動機付自転車（50cc以下）
窃盗,オートバイ盗,千葉西,新検見川駅前交番,121029,千葉県,千葉市花見川区,花園５丁目,2018-07-18,07,駐車（輪）場,キーあり,なし,原動機付自転車（50cc以下）
窃盗,オートバイ盗,千葉西,幕張交番,121029,千葉県,千葉市花見川区,幕張町２丁目,不明,不明,その他,キーあり,あり,原動機付自転車（50cc以下）
窃盗,オートバイ盗,千葉西,幕張メッセ交番,121061,千葉県,千葉市美浜区,打瀬３丁目,2017-11-24,23,道路上,キーあり,あり,自動二輪（50cc超）
窃盗,オートバイ盗,千葉西,幕張メッセ交番,121061,千葉県,千葉市美浜区,中瀬２丁目,2018-04-29,09,駐車（輪）場,キーあり,なし,自動二輪（50cc超）
窃盗,オートバイ盗,千葉西,幕張メッセ交番,121061,千葉県,千葉市美浜区,ひび野２丁目,2018-01-14,18,その他,キーあり,なし,自動二輪（50cc超）
窃盗,オートバイ盗,千葉西,幕張メッセ交番,121061,千葉県,千葉市美浜区,ひび野２丁目,2018-08-04,11,その他,キーあり,あり,自動二輪（50cc超）
窃盗,オートバイ盗,千葉西,幕張本郷駅前交番,121029,千葉県,千葉市花見川区,幕張本郷７丁目,2018-07-20,16,駐車（輪）場,キーあり,あり,原動機付自転車（50cc以下）
窃盗,オートバイ盗,八千代,大和田駅前交番,122211,千葉県,八千代市,大和田,2018-04-26,18,その他,キーあり,なし,原動機付自転車（50cc以下）
窃盗,オートバイ盗,八千代,大和田駅前交番,122211,千葉県,八千代市,大和田,2018-07-01,00,駐車（輪）場,キーあり,なし,原動機付自転車（50cc以下）
窃盗,オートバイ盗,八千代,大和田駅前交番,122211,千葉県,八千代市,萱田町,2018-09-10,23,その他の住宅（３階建て以下共同住宅等）,キーあり,なし,自動二輪（50cc超）
窃盗,オートバイ盗,八千代,八千代台駅前交番,122211,千葉県,八千代市,八千代台北１丁目,2018-09-16,10,駐車（輪）場,キーあり,なし,原動機付自転車（50cc以下）
窃盗,オートバイ盗,八千代,八千代台東交番,122211,千葉県,八千代市,八千代台南１丁目,2017-01-13,18,その他,キーあり,なし,原動機付自転車（50cc以下）
窃盗,オートバイ盗,八千代,八千代台東交番,122211,千葉県,八千代市,八千代台南１丁目,2018-01-26,12,その他,キーあり,なし,原動機付自転車（50cc以下）
窃盗,オートバイ盗,八千代,八千代台東交番,122211,千葉県,八千代市,八千代台南１丁目,2018-12-01,20,道路上,キーあり,なし,自動二輪（50cc超）
窃盗,オートバイ盗,八千代,八千代緑が丘駅前交番,122211,千葉県,八千代市,大和田新田,2018-09-24,12,駐車（輪）場,キーあり,なし,原動機付自転車（50cc以下）
窃盗,オートバイ盗,八千代,八千代緑が丘駅前交番,122211,千葉県,八千代市,,2018-08-30,18,駐車（輪）場,キーあり,なし,原動機付自転車（50cc以下）
窃盗,オートバイ盗,八千代,八千代緑が丘駅前交番,122211,千葉県,八千代市,緑が丘２丁目,2018-08-13,12,その他,キーあり,なし,自動二輪（50cc超）
窃盗,オートバイ盗,八千代,八千代中央駅前交番,122211,千葉県,八千代市,萱田,2018-09-27,08,その他の住宅（３階建て以下共同住宅等）,キーあり,なし,原動機付自転車（50cc以下）
窃盗,オートバイ盗,八千代,村上駅前交番,122211,千葉県,八千代市,村上,2018-06-09,17,駐車（輪）場,キーあり,なし,原動機付自転車（50cc以下）
窃盗,オートバイ盗,八千代,村上駅前交番,122211,千葉県,八千代市,村上,2018-08-06,22,４階建て以上共同住宅,キーあり,なし,自動二輪（50cc超）
窃盗,オートバイ盗,八千代,村上駅前交番,122211,千葉県,八千代市,村上,2018-09-09,17,４階建て以上共同住宅,キーあり,なし,自動二輪（50cc超）
窃盗,オートバイ盗,八千代,村上駅前交番,122211,千葉県,八千代市,村上南１丁目,2018-12-13,19,駐車（輪）場,キーあり,なし,原動機付自転車（50cc以下）
窃盗,オートバイ盗,八千代,村上駅前交番,122211,千葉県,八千代市,勝田台北１丁目,2018-07-13,07,駐車（輪）場,キーあり,なし,原動機付自転車（50cc以下）
窃盗,オートバイ盗,船橋東,大穴交番,122041,千葉県,船橋市,古和釜町,2018-05-21,16,一戸建住宅,キーあり,なし,原動機付自転車（50cc以下）
窃盗,オートバイ盗,船橋東,大穴交番,122041,千葉県,船橋市,南三咲１丁目,2018-05-18,08,駐車（輪）場,キーあり,なし,原動機付自転車（50cc以下）
窃盗,オートバイ盗,船橋東,芝山交番,122041,千葉県,船橋市,飯山満町２丁目,2018-02-08,07,その他の住宅（３階建て以下共同住宅等）,キーあり,なし,原動機付自転車（50cc以下）
窃盗,オートバイ盗,船橋東,高根台交番,122041,千葉県,船橋市,高根台１丁目,2018-06-21,15,道路上,キーあり,なし,原動機付自転車（50cc以下）
窃盗,オートバイ盗,船橋東,高根台交番,122041,千葉県,船橋市,高根台１丁目,2018-06-21,16,駐車（輪）場,キーあり,なし,原動機付自転車（50cc以下）
窃盗,オートバイ盗,船橋東,高根台交番,122041,千葉県,船橋市,高根台３丁目,2018-01-16,13,道路上,キーあり,なし,原動機付自転車（50cc以下）
窃盗,オートバイ盗,船橋東,高根台交番,122041,千葉県,船橋市,高根台５丁目,2018-10-13,12,駐車（輪）場,キーあり,なし,原動機付自転車（50cc以下）
窃盗,オートバイ盗,船橋東,高根台交番,122041,千葉県,船橋市,高根台６丁目,2018-08-07,21,その他の住宅（３階建て以下共同住宅等）,キーあり,なし,原動機付自転車（50cc以下）
窃盗,オートバイ盗,船橋東,高根台交番,122041,千葉県,船橋市,松が丘１丁目,2018-09-16,15,道路上,キーあり,なし,原動機付自転車（50cc以下）
窃盗,オートバイ盗,船橋東,習志野台交番,122041,千葉県,船橋市,習志野台２丁目,2018-08-13,18,その他の住宅（３階建て以下共同住宅等）,キーあり,なし,原動機付自転車（50cc以下）
窃盗,オートバイ盗,船橋東,習志野台交番,122041,千葉県,船橋市,習志野台２丁目,2018-08-29,22,駐車（輪）場,キーあり,なし,原動機付自転車（50cc以下）
窃盗,オートバイ盗,船橋東,習志野台交番,122041,千葉県,船橋市,習志野台２丁目,2018-10-15,14,道路上,キーあり,なし,原動機付自転車（50cc以下）
窃盗,オートバイ盗,船橋東,二和交番,122041,千葉県,船橋市,咲が丘１丁目,2018-06-27,22,その他,キーあり,なし,原動機付自転車（50cc以下）
窃盗,オートバイ盗,船橋東,二和交番,122041,千葉県,船橋市,二和西２丁目,2018-03-15,11,一戸建住宅,キーあり,なし,原動機付自転車（50cc以下）
窃盗,オートバイ盗,船橋東,二和交番,122041,千葉県,船橋市,南三咲１丁目,2018-04-01,不明,道路上,キーあり,なし,原動機付自転車（50cc以下）
窃盗,オートバイ盗,船橋東,二和交番,122041,千葉県,船橋市,八木が谷４丁目,2018-03-23,21,一戸建住宅,キーあり,なし,自動二輪（50cc超）
窃盗,オートバイ盗,船橋東,前原交番,122041,千葉県,船橋市,前原西６丁目,2018-06-27,00,その他,キーあり,なし,自動二輪（50cc超）
窃盗,オートバイ盗,船橋東,前原交番,122041,千葉県,船橋市,前原東１丁目,2018-01-30,01,駐車（輪）場,キーあり,なし,原動機付自転車（50cc以下）
窃盗,オートバイ盗,船橋東,三山交番,122041,千葉県,船橋市,習志野４丁目,2018-12-09,21,駐車（輪）場,キーあり,なし,自動二輪（50cc超）
窃盗,オートバイ盗,船橋東,三山交番,122041,千葉県,船橋市,三山５丁目,2018-08-16,20,一戸建住宅,キーあり,なし,原動機付自転車（50cc以下）
窃盗,オートバイ盗,船橋東,薬円台交番,122041,千葉県,船橋市,薬円台２丁目,2018-08-26,19,駐車（輪）場,キーあり,なし,自動二輪（50cc超）
窃盗,オートバイ盗,船橋東,薬円台交番,122041,千葉県,船橋市,薬円台２丁目,2018-09-08,20,駐車（輪）場,キーあり,なし,原動機付自転車（50cc以下）
窃盗,オートバイ盗,船橋東,薬円台交番,122041,千葉県,船橋市,薬円台５丁目,2018-03-20,09,駐車（輪）場,キーあり,なし,原動機付自転車（50cc以下）
窃盗,オートバイ盗,我孫子,我孫子駅前交番,122220,千葉県,我孫子市,栄,2018-05-02,11,道路上,キーあり,なし,自動二輪（50cc超）
窃盗,オートバイ盗,我孫子,我孫子駅前交番,122220,千葉県,我孫子市,台田４丁目,2018-08-22,12,駐車（輪）場,キーあり,あり,自動二輪（50cc超）
窃盗,オートバイ盗,我孫子,我孫子駅前交番,122220,千葉県,我孫子市,並木５丁目,2018-01-20,23,駐車（輪）場,キーあり,なし,自動二輪（50cc超）
窃盗,オートバイ盗,我孫子,我孫子駅前交番,122220,千葉県,我孫子市,並木５丁目,2018-05-10,20,駐車（輪）場,キーあり,なし,自動二輪（50cc超）
窃盗,オートバイ盗,我孫子,我孫子駅前交番,122220,千葉県,我孫子市,本町２丁目,2018-01-30,13,その他の住宅（３階建て以下共同住宅等）,キーあり,なし,原動機付自転車（50cc以下）
窃盗,オートバイ盗,我孫子,我孫子駅前交番,122220,千葉県,我孫子市,本町３丁目,2018-01-07,13,駐車（輪）場,キーあり,なし,原動機付自転車（50cc以下）
窃盗,オートバイ盗,我孫子,我孫子駅前交番,122220,千葉県,我孫子市,本町３丁目,2018-01-09,11,その他,キーあり,なし,原動機付自転車（50cc以下）
窃盗,オートバイ盗,我孫子,湖北台交番,122220,千葉県,我孫子市,湖北台７丁目,2018-03-20,23,駐車（輪）場,キーあり,なし,自動二輪（50cc超）
窃盗,オートバイ盗,松戸東,小金交番,122076,千葉県,松戸市,大金平５丁目,2018-08-18,23,道路上,キーあり,なし,原動機付自転車（50cc以下）
窃盗,オートバイ盗,松戸東,小金交番,122076,千葉県,松戸市,大谷口,2018-04-27,21,４階建て以上共同住宅,キーあり,なし,原動機付自転車（50cc以下）
窃盗,オートバイ盗,松戸東,小金交番,122076,千葉県,松戸市,中金杉１丁目,2018-05-12,20,４階建て以上共同住宅,キーあり,なし,自動二輪（50cc超）
窃盗,オートバイ盗,松戸東,小金原交番,122076,千葉県,松戸市,栗ケ沢,2018-06-17,17,その他,キーあり,あり,自動二輪（50cc超）
窃盗,オートバイ盗,松戸東,小金原交番,122076,千葉県,松戸市,小金きよしケ丘５丁目,2018-05-27,16,道路上,キーあり,なし,自動二輪（50cc超）
窃盗,オートバイ盗,松戸東,小金原交番,122076,千葉県,松戸市,小金原４丁目,2018-01-28,12,一戸建住宅,キーあり,なし,自動二輪（50cc超）
窃盗,オートバイ盗,松戸東,小金原交番,122076,千葉県,松戸市,小金原８丁目,2018-03-02,10,道路上,キーあり,なし,原動機付自転車（50cc以下）
窃盗,オートバイ盗,松戸東,小金原交番,122076,千葉県,松戸市,根木内,2018-05-26,14,駐車（輪）場,キーあり,なし,自動二輪（50cc超）
窃盗,オートバイ盗,松戸東,常盤平交番,122076,千葉県,松戸市,常盤平２丁目,2018-01-05,16,その他,キーあり,なし,自動二輪（50cc超）
窃盗,オートバイ盗,松戸東,常盤平交番,122076,千葉県,松戸市,常盤平２丁目,2018-03-28,23,４階建て以上共同住宅,キーあり,なし,原動機付自転車（50cc以下）
窃盗,オートバイ盗,松戸東,常盤平交番,122076,千葉県,松戸市,常盤平２丁目,2018-07-24,07,駐車（輪）場,キーあり,なし,原動機付自転車（50cc以下）
窃盗,オートバイ盗,松戸東,常盤平交番,122076,千葉県,松戸市,常盤平４丁目,2018-06-15,15,駐車（輪）場,キーあり,なし,原動機付自転車（50cc以下）
窃盗,オートバイ盗,松戸東,馬橋交番,122076,千葉県,松戸市,二ツ木,2017-04-05,18,道路上,キーあり,なし,原動機付自転車（50cc以下）
窃盗,オートバイ盗,松戸東,六実交番,122076,千葉県,松戸市,六実６丁目,2018-12-12,22,一戸建住宅,キーあり,なし,原動機付自転車（50cc以下）
窃盗,オートバイ盗,流山,運河交番,122203,千葉県,流山市,大字東深井,2018-08-30,18,一戸建住宅,キーあり,なし,自動二輪（50cc超）
窃盗,オートバイ盗,流山,流山中央交番,122203,千葉県,流山市,流山５丁目,2018-10-02,08,一戸建住宅,キーあり,なし,自動二輪（50cc超）
窃盗,オートバイ盗,流山,初石交番,122203,千葉県,流山市,東初石４丁目,2018-11-07,19,その他の住宅（３階建て以下共同住宅等）,キーあり,なし,自動二輪（50cc超）
窃盗,オートバイ盗,流山,南流山駅前交番,122203,千葉県,流山市,,不明,不明,一戸建住宅,キーあり,なし,原動機付自転車（50cc以下）
窃盗,オートバイ盗,流山,流山おおたかの森駅前交番,122203,千葉県,流山市,野々下５丁目,2018-05-14,17,その他の住宅（３階建て以下共同住宅等）,キーあり,なし,原動機付自転車（50cc以下）
窃盗,オートバイ盗,千葉東,桜木交番,121045,千葉県,千葉市若葉区,桜木２丁目,不明,不明,４階建て以上共同住宅,キーあり,なし,原動機付自転車（50cc以下）
窃盗,オートバイ盗,千葉東,千城台交番,121045,千葉県,千葉市若葉区,千城台北３丁目,2018-02-03,10,駐車（輪）場,キーあり,あり,原動機付自転車（50cc以下）
窃盗,オートバイ盗,千葉東,千城台交番,121045,千葉県,千葉市若葉区,千城台西３丁目,2018-07-30,22,駐車（輪）場,キーあり,なし,原動機付自転車（50cc以下）
窃盗,オートバイ盗,千葉東,千城台交番,121045,千葉県,千葉市若葉区,千城台東１丁目,2018-04-13,20,道路上,キーあり,なし,原動機付自転車（50cc以下）
窃盗,オートバイ盗,千葉東,都賀交番,121045,千葉県,千葉市若葉区,都賀２丁目,2018-08-09,15,道路上,キーあり,なし,原動機付自転車（50cc以下）
窃盗,オートバイ盗,千葉東,都賀交番,121045,千葉県,千葉市若葉区,桜木８丁目,2018-08-17,01,駐車（輪）場,キーあり,なし,自動二輪（50cc超）
窃盗,オートバイ盗,千葉東,みつわ台交番,121045,千葉県,千葉市若葉区,東寺山町,2018-03-21,21,一戸建住宅,キーあり,なし,自動二輪（50cc超）
窃盗,オートバイ盗,千葉東,みつわ台交番,121045,千葉県,千葉市若葉区,東寺山町,2018-09-22,06,駐車（輪）場,キーあり,なし,自動二輪（50cc超）
窃盗,オートバイ盗,千葉東,みつわ台交番,121045,千葉県,千葉市若葉区,東寺山町,2018-09-23,11,駐車（輪）場,キーあり,なし,自動二輪（50cc超）
窃盗,オートバイ盗,千葉東,若松交番,121045,千葉県,千葉市若葉区,若松町,2018-01-17,07,駐車（輪）場,キーあり,なし,原動機付自転車（50cc以下）
窃盗,オートバイ盗,千葉東,若松交番,121045,千葉県,千葉市若葉区,若松町,2018-05-03,16,その他,キーあり,なし,原動機付自転車（50cc以下）
窃盗,オートバイ盗,鎌ケ谷,粟野交番,122246,千葉県,鎌ケ谷市,粟野,2018-09-24,15,駐車（輪）場,キーあり,なし,原動機付自転車（50cc以下）
窃盗,オートバイ盗,鎌ケ谷,粟野交番,122246,千葉県,鎌ケ谷市,東初富２丁目,2018-09-04,17,駐車（輪）場,キーあり,なし,自動二輪（50cc超）
窃盗,オートバイ盗,鎌ケ谷,粟野交番,122246,千葉県,鎌ケ谷市,中佐津間１丁目,2018-09-24,11,駐車（輪）場,キーあり,なし,原動機付自転車（50cc以下）
窃盗,オートバイ盗,鎌ケ谷,鎌ヶ谷大仏交番,122246,千葉県,鎌ケ谷市,鎌ケ谷１丁目,2018-12-14,18,駐車（輪）場,キーあり,なし,自動二輪（50cc超）
窃盗,オートバイ盗,鎌ケ谷,鎌ヶ谷大仏交番,122246,千葉県,鎌ケ谷市,鎌ケ谷２丁目,2018-05-17,18,駐車（輪）場,キーあり,なし,原動機付自転車（50cc以下）
窃盗,オートバイ盗,鎌ケ谷,鎌ヶ谷大仏交番,122246,千葉県,鎌ケ谷市,鎌ケ谷８丁目,2018-08-21,23,駐車（輪）場,キーあり,なし,自動二輪（50cc超）
窃盗,オートバイ盗,鎌ケ谷,鎌ヶ谷大仏交番,122246,千葉県,鎌ケ谷市,東初富５丁目,2018-09-22,20,その他の住宅（３階建て以下共同住宅等）,キーあり,なし,自動二輪（50cc超）
窃盗,オートバイ盗,鎌ケ谷,鎌ヶ谷大仏交番,122246,千葉県,鎌ケ谷市,南鎌ケ谷２丁目,2018-09-15,16,その他の住宅（３階建て以下共同住宅等）,キーあり,なし,原動機付自転車（50cc以下）
窃盗,オートバイ盗,鎌ケ谷,くぬぎ山交番,122246,千葉県,鎌ケ谷市,初富,2018-05-24,21,一戸建住宅,キーあり,なし,原動機付自転車（50cc以下）
窃盗,オートバイ盗,鎌ケ谷,くぬぎ山交番,122246,千葉県,鎌ケ谷市,くぬぎ山５丁目,2018-02-08,06,駐車（輪）場,キーあり,なし,自動二輪（50cc超）
窃盗,オートバイ盗,鎌ケ谷,くぬぎ山交番,122246,千葉県,鎌ケ谷市,北中沢１丁目,2018-05-12,18,駐車（輪）場,キーあり,なし,原動機付自転車（50cc以下）
窃盗,オートバイ盗,鎌ケ谷,鎌ヶ谷駅前交番,122246,千葉県,鎌ケ谷市,西道野辺,2018-06-23,16,駐車（輪）場,キーあり,なし,原動機付自転車（50cc以下）
窃盗,オートバイ盗,鎌ケ谷,鎌ヶ谷駅前交番,122246,千葉県,鎌ケ谷市,西道野辺,2018-08-15,19,４階建て以上共同住宅,キーあり,なし,原動機付自転車（50cc以下）
窃盗,オートバイ盗,鎌ケ谷,鎌ヶ谷駅前交番,122246,千葉県,鎌ケ谷市,西道野辺,2018-08-17,20,駐車（輪）場,キーあり,なし,原動機付自転車（50cc以下）
窃盗,オートバイ盗,鎌ケ谷,鎌ヶ谷駅前交番,122246,千葉県,鎌ケ谷市,東中沢１丁目,2017-05-14,02,その他の住宅（３階建て以下共同住宅等）,キーあり,なし,自動二輪（50cc超）
窃盗,オートバイ盗,鎌ケ谷,鎌ヶ谷駅前交番,122246,千葉県,鎌ケ谷市,道野辺本町１丁目,2018-06-04,01,駐車（輪）場,キーあり,なし,原動機付自転車（50cc以下）
窃盗,オートバイ盗,鎌ケ谷,新鎌ヶ谷駅前交番,122246,千葉県,鎌ケ谷市,中央１丁目,2018-03-14,19,駐車（輪）場,キーあり,なし,原動機付自転車（50cc以下）
窃盗,オートバイ盗,鎌ケ谷,新鎌ヶ谷駅前交番,122246,千葉県,鎌ケ谷市,新鎌ケ谷２丁目,2018-02-14,19,駐車（輪）場,キーあり,なし,原動機付自転車（50cc以下）
窃盗,オートバイ盗,鎌ケ谷,新鎌ヶ谷駅前交番,122246,千葉県,鎌ケ谷市,新鎌ケ谷２丁目,2018-07-09,10,その他,キーあり,なし,原動機付自転車（50cc以下）
窃盗,オートバイ盗,鎌ケ谷,新鎌ヶ谷駅前交番,122246,千葉県,鎌ケ谷市,新鎌ケ谷２丁目,2018-08-17,17,駐車（輪）場,キーあり,なし,自動二輪（50cc超）
窃盗,オートバイ盗,千葉北,穴川交番,121037,千葉県,千葉市稲毛区,轟町２丁目,2018-10-17,00,その他の住宅（３階建て以下共同住宅等）,キーあり,なし,自動二輪（50cc超）
窃盗,オートバイ盗,千葉北,柏台交番,121037,千葉県,千葉市稲毛区,あやめ台,2018-08-30,18,４階建て以上共同住宅,キーあり,なし,原動機付自転車（50cc以下）
窃盗,オートバイ盗,千葉北,柏台交番,121037,千葉県,千葉市稲毛区,柏台,2018-09-06,15,駐車（輪）場,キーあり,なし,自動二輪（50cc超）
窃盗,オートバイ盗,千葉北,作新台交番,121029,千葉県,千葉市花見川区,作新台８丁目,2018-02-25,00,一戸建住宅,キーあり,なし,原動機付自転車（50cc以下）
窃盗,オートバイ盗,千葉北,長沼交番,121029,千葉県,千葉市花見川区,犢橋町,2018-08-31,09,その他,キーあり,なし,自動二輪（50cc超）
窃盗,オートバイ盗,千葉北,長沼交番,121029,千葉県,千葉市花見川区,千種町,2018-07-09,09,その他,キーあり,なし,自動二輪（50cc超）
窃盗,オートバイ盗,千葉北,花見川交番,121029,千葉県,千葉市花見川区,花見川,2018-07-03,19,４階建て以上共同住宅,キーあり,なし,原動機付自転車（50cc以下）
窃盗,オートバイ盗,千葉北,花見川交番,121029,千葉県,千葉市花見川区,花見川,2018-10-26,12,道路上,キーあり,なし,自動二輪（50cc超）
窃盗,オートバイ盗,千葉北,宮野木交番,121029,千葉県,千葉市花見川区,さつきが丘２丁目,2018-04-22,20,４階建て以上共同住宅,キーあり,なし,原動機付自転車（50cc以下）
窃盗,オートバイ盗,千葉北,宮野木交番,121037,千葉県,千葉市稲毛区,宮野木町,2018-09-30,23,道路上,キーあり,あり,自動二輪（50cc超）
窃盗,オートバイ盗,千葉北,山王交番,121037,千葉県,千葉市稲毛区,山王町,2018-06-03,09,駐車（輪）場,キーあり,なし,原動機付自転車（50cc以下）
窃盗,オートバイ盗,千葉北,山王交番,121037,千葉県,千葉市稲毛区,山王町,2018-07-04,10,その他,キーあり,なし,原動機付自転車（50cc以下）
窃盗,オートバイ盗,千葉北,山王交番,121037,千葉県,千葉市稲毛区,山王町,2018-07-07,11,駐車（輪）場,キーあり,なし,原動機付自転車（50cc以下）
窃盗,オートバイ盗,千葉北,山王交番,121037,千葉県,千葉市稲毛区,山王町,2018-07-10,06,一戸建住宅,キーあり,なし,原動機付自転車（50cc以下）
窃盗,オートバイ盗,千葉北,山王交番,121037,千葉県,千葉市稲毛区,山王町,2018-09-11,13,道路上,キーあり,なし,原動機付自転車（50cc以下）
窃盗,オートバイ盗,千葉北,山王交番,121037,千葉県,千葉市稲毛区,山王町,2018-09-12,15,その他の住宅（３階建て以下共同住宅等）,キーあり,なし,自動二輪（50cc超）
窃盗,オートバイ盗,千葉北,山王交番,121037,千葉県,千葉市稲毛区,山王町,2018-09-12,19,４階建て以上共同住宅,キーあり,あり,自動二輪（50cc超）
窃盗,オートバイ盗,千葉北,山王交番,121037,千葉県,千葉市稲毛区,六方町,2018-08-20,17,その他,キーあり,なし,自動二輪（50cc超）
窃盗,オートバイ盗,行徳,今井橋交番,122033,千葉県,市川市,相之川１丁目,2018-05-29,18,４階建て以上共同住宅,キーあり,なし,原動機付自転車（50cc以下）
窃盗,オートバイ盗,行徳,今井橋交番,122033,千葉県,市川市,相之川２丁目,2018-08-28,11,その他,キーあり,なし,自動二輪（50cc超）
窃盗,オートバイ盗,行徳,今井橋交番,122033,千葉県,市川市,広尾１丁目,2018-12-23,21,その他の住宅（３階建て以下共同住宅等）,キーあり,なし,原動機付自転車（50cc以下）
窃盗,オートバイ盗,行徳,香取交番,122033,千葉県,市川市,香取２丁目,2018-01-16,22,一戸建住宅,キーあり,なし,原動機付自転車（50cc以下）
窃盗,オートバイ盗,行徳,香取交番,122033,千葉県,市川市,香取２丁目,2018-08-06,05,その他の住宅（３階建て以下共同住宅等）,キーあり,なし,自動二輪（50cc超）
窃盗,オートバイ盗,行徳,香取交番,122033,千葉県,市川市,福栄３丁目,2018-02-15,20,道路上,キーあり,なし,原動機付自転車（50cc以下）
窃盗,オートバイ盗,行徳,行徳駅前交番,122033,千葉県,市川市,欠真間２丁目,不明,不明,その他の住宅（３階建て以下共同住宅等）,キーあり,なし,原動機付自転車（50cc以下）
窃盗,オートバイ盗,行徳,行徳駅前交番,122033,千葉県,市川市,行徳駅前４丁目,2018-01-15,15,４階建て以上共同住宅,キーあり,なし,自動二輪（50cc超）
窃盗,オートバイ盗,行徳,行徳駅前交番,122033,千葉県,市川市,末広１丁目,不明,不明,駐車（輪）場,キーあり,なし,原動機付自転車（50cc以下）
窃盗,オートバイ盗,行徳,南行徳駅前交番,122033,千葉県,市川市,相之川４丁目,2018-02-08,16,道路上,キーあり,なし,原動機付自転車（50cc以下）
窃盗,オートバイ盗,行徳,南行徳駅前交番,122033,千葉県,市川市,新井３丁目,2018-11-11,18,道路上,キーあり,なし,自動二輪（50cc超）
窃盗,オートバイ盗,行徳,妙典駅前交番,122033,千葉県,市川市,下新宿,2018-10-05,23,道路上,キーあり,なし,原動機付自転車（50cc以下）
窃盗,オートバイ盗,四街道,旭交番,122289,千葉県,四街道市,南波佐間,2018-10-05,09,駐車（輪）場,キーあり,なし,原動機付自転車（50cc以下）
窃盗,オートバイ盗,四街道,千代田交番,122289,千葉県,四街道市,栗山,2018-08-19,20,一戸建住宅,キーあり,なし,原動機付自転車（50cc以下）
窃盗,オートバイ盗,四街道,大日交番,122289,千葉県,四街道市,大日,2018-01-11,18,駐車（輪）場,キーあり,なし,原動機付自転車（50cc以下）
窃盗,オートバイ盗,四街道,大日交番,122289,千葉県,四街道市,大日,2018-07-09,07,道路上,キーあり,なし,原動機付自転車（50cc以下）
窃盗,オートバイ盗,四街道,大日交番,122289,千葉県,四街道市,鹿放ケ丘,2018-07-08,14,その他,キーあり,あり,自動二輪（50cc超）
窃盗,オートバイ盗,四街道,大日交番,122289,千葉県,四街道市,中央,2018-07-07,11,駐車（輪）場,キーあり,なし,自動二輪（50cc超）
窃盗,オートバイ盗,四街道,四街道駅前交番,122289,千葉県,四街道市,鹿渡,2017-12-26,18,駐車（輪）場,キーあり,なし,原動機付自転車（50cc以下）
窃盗,オートバイ盗,四街道,四街道駅前交番,122289,千葉県,四街道市,下志津新田,2018-09-11,07,一戸建住宅,キーあり,なし,自動二輪（50cc超）
窃盗,オートバイ盗,四街道,四街道駅前交番,122289,千葉県,四街道市,四街道１丁目,2018-01-10,18,駐車（輪）場,キーあり,なし,原動機付自転車（50cc以下）
窃盗,オートバイ盗,四街道,四街道駅前交番,122289,千葉県,四街道市,和良比,2018-02-28,11,一戸建住宅,キーあり,なし,原動機付自転車（50cc以下）
窃盗,オートバイ盗,四街道,四街道駅前交番,122289,千葉県,四街道市,和良比,2018-03-21,18,一戸建住宅,キーあり,なし,原動機付自転車（50cc以下）
窃盗,オートバイ盗,四街道,四街道駅前交番,122289,千葉県,四街道市,和良比,2018-03-27,08,駐車（輪）場,キーあり,なし,原動機付自転車（50cc以下）
窃盗,オートバイ盗,千葉中央,千葉寺駅前交番,121011,千葉県,千葉市中央区,末広３丁目,2018-09-08,22,４階建て以上共同住宅,キーなし,なし,自動二輪（50cc超）
窃盗,オートバイ盗,千葉中央,千葉寺駅前交番,121011,千葉県,千葉市中央区,末広４丁目,2018-10-20,06,その他,キーなし,なし,原動機付自転車（50cc以下）
窃盗,オートバイ盗,千葉中央,京成千葉中央駅前交番,121011,千葉県,千葉市中央区,神明町,2018-09-02,16,４階建て以上共同住宅,キーなし,なし,自動二輪（50cc超）
窃盗,オートバイ盗,千葉中央,本千葉駅前交番,121011,千葉県,千葉市中央区,寒川町２丁目,2018-07-29,10,その他,キーなし,なし,自動二輪（50cc超）
窃盗,オートバイ盗,千葉中央,本千葉駅前交番,121011,千葉県,千葉市中央区,港町,2018-09-01,18,その他の住宅（３階建て以下共同住宅等）,キーなし,なし,自動二輪（50cc超）
窃盗,オートバイ盗,千葉中央,本千葉駅前交番,121011,千葉県,千葉市中央区,港町,2018-09-02,15,その他の住宅（３階建て以下共同住宅等）,キーなし,なし,自動二輪（50cc超）
窃盗,オートバイ盗,千葉中央,千葉駅前交番,121011,千葉県,千葉市中央区,新千葉１丁目,2018-02-19,17,道路上,キーなし,なし,自動二輪（50cc超）
窃盗,オートバイ盗,千葉中央,千葉駅前交番,121011,千葉県,千葉市中央区,富士見１丁目,2018-09-22,07,駐車（輪）場,キーなし,なし,原動機付自転車（50cc以下）
窃盗,オートバイ盗,千葉中央,千葉駅前交番,121011,千葉県,千葉市中央区,富士見２丁目,2018-01-10,21,その他,キーなし,なし,原動機付自転車（50cc以下）
窃盗,オートバイ盗,千葉中央,千葉駅前交番,121011,千葉県,千葉市中央区,弁天２丁目,2017-07-28,19,駐車（輪）場,キーなし,なし,原動機付自転車（50cc以下）
窃盗,オートバイ盗,千葉中央,千葉駅前交番,121011,千葉県,千葉市中央区,弁天２丁目,2018-02-11,23,駐車（輪）場,キーなし,なし,自動二輪（50cc超）
窃盗,オートバイ盗,千葉中央,千葉駅前交番,121011,千葉県,千葉市中央区,弁天２丁目,2018-05-28,07,その他の住宅（３階建て以下共同住宅等）,キーなし,なし,原動機付自転車（50cc以下）
窃盗,オートバイ盗,千葉中央,西千葉交番,121011,千葉県,千葉市中央区,春日２丁目,2018-05-11,06,道路上,キーなし,なし,原動機付自転車（50cc以下）
窃盗,オートバイ盗,千葉中央,本町交番,121011,千葉県,千葉市中央区,中央４丁目,2018-08-11,21,駐車（輪）場,キーなし,なし,原動機付自転車（50cc以下）
窃盗,オートバイ盗,千葉中央,本町交番,121011,千葉県,千葉市中央区,道場南２丁目,2018-07-23,17,その他の住宅（３階建て以下共同住宅等）,キーなし,なし,自動二輪（50cc超）
窃盗,オートバイ盗,千葉中央,本町交番,121011,千葉県,千葉市中央区,祐光１丁目,2017-12-05,23,４階建て以上共同住宅,キーなし,なし,原動機付自転車（50cc以下）
窃盗,オートバイ盗,千葉中央,本町交番,121011,千葉県,千葉市中央区,祐光４丁目,2018-01-13,11,４階建て以上共同住宅,キーなし,なし,原動機付自転車（50cc以下）
窃盗,オートバイ盗,千葉中央,都交番,121011,千葉県,千葉市中央区,都町,2018-08-27,17,駐車（輪）場,キーなし,なし,自動二輪（50cc超）
窃盗,オートバイ盗,千葉中央,都交番,121011,千葉県,千葉市中央区,都町１丁目,2018-09-25,19,その他の住宅（３階建て以下共同住宅等）,キーなし,なし,自動二輪（50cc超）
窃盗,オートバイ盗,千葉中央,都交番,121011,千葉県,千葉市中央区,都町３丁目,2018-11-29,12,駐車（輪）場,キーなし,なし,原動機付自転車（50cc以下）
窃盗,オートバイ盗,千葉中央,白旗交番,121011,千葉県,千葉市中央区,白旗２丁目,2018-05-14,23,その他の住宅（３階建て以下共同住宅等）,キーなし,なし,自動二輪（50cc超）
窃盗,オートバイ盗,千葉中央,白旗交番,121011,千葉県,千葉市中央区,白旗２丁目,2018-09-19,15,その他の住宅（３階建て以下共同住宅等）,キーなし,なし,自動二輪（50cc超）
窃盗,オートバイ盗,千葉中央,白旗交番,121011,千葉県,千葉市中央区,白旗２丁目,2018-09-22,10,その他の住宅（３階建て以下共同住宅等）,キーなし,なし,自動二輪（50cc超）
窃盗,オートバイ盗,千葉中央,白旗交番,121011,千葉県,千葉市中央区,宮崎町,2018-05-14,22,その他の住宅（３階建て以下共同住宅等）,キーなし,なし,自動二輪（50cc超）
窃盗,オートバイ盗,千葉中央,白旗交番,121011,千葉県,千葉市中央区,宮崎町,2018-05-20,11,その他の住宅（３階建て以下共同住宅等）,キーなし,なし,原動機付自転車（50cc以下）
窃盗,オートバイ盗,千葉中央,白旗交番,121011,千葉県,千葉市中央区,宮崎町,2018-11-05,19,４階建て以上共同住宅,キーなし,なし,自動二輪（50cc超）
窃盗,オートバイ盗,千葉中央,蘇我駅前交番,121011,千葉県,千葉市中央区,今井３丁目,2018-06-02,10,４階建て以上共同住宅,キーなし,なし,原動機付自転車（50cc以下）
窃盗,オートバイ盗,千葉中央,蘇我駅前交番,121011,千葉県,千葉市中央区,蘇我４丁目,2018-03-20,16,一戸建住宅,キーなし,なし,自動二輪（50cc超）
窃盗,オートバイ盗,千葉中央,浜野駅前交番,121011,千葉県,千葉市中央区,生実町,2018-02-22,20,一戸建住宅,キーなし,なし,自動二輪（50cc超）
窃盗,オートバイ盗,千葉中央,浜野駅前交番,121011,千葉県,千葉市中央区,浜野町,2018-01-09,19,駐車（輪）場,キーなし,なし,原動機付自転車（50cc以下）
窃盗,オートバイ盗,千葉中央,浜野駅前交番,121011,千葉県,千葉市中央区,浜野町,2018-03-04,12,駐車（輪）場,キーなし,なし,原動機付自転車（50cc以下）
窃盗,オートバイ盗,千葉中央,浜野駅前交番,121011,千葉県,千葉市中央区,南生実町,不明,不明,一戸建住宅,キーなし,なし,原動機付自転車（50cc以下）
窃盗,オートバイ盗,千葉中央,浜野駅前交番,121011,千葉県,千葉市中央区,南生実町,2018-07-18,19,その他の住宅（３階建て以下共同住宅等）,キーなし,なし,原動機付自転車（50cc以下）
窃盗,オートバイ盗,千葉中央,星久喜交番,121011,千葉県,千葉市中央区,星久喜町,2018-12-11,18,一戸建住宅,キーなし,なし,自動二輪（50cc超）
窃盗,オートバイ盗,千葉南,鎌取駅前交番,121053,千葉県,千葉市緑区,おゆみ野２丁目,2017-03-31,21,その他の住宅（３階建て以下共同住宅等）,キーなし,なし,原動機付自転車（50cc以下）
窃盗,オートバイ盗,千葉南,鎌取駅前交番,121053,千葉県,千葉市緑区,おゆみ野２丁目,2018-09-22,15,その他の住宅（３階建て以下共同住宅等）,キーなし,なし,自動二輪（50cc超）
窃盗,オートバイ盗,千葉南,鎌取駅前交番,121053,千葉県,千葉市緑区,おゆみ野中央４丁目,2018-06-23,16,その他,キーなし,なし,原動機付自転車（50cc以下）
窃盗,オートバイ盗,千葉南,土気駅前交番,121053,千葉県,千葉市緑区,高津戸町,2018-05-27,02,その他の住宅（３階建て以下共同住宅等）,キーなし,なし,自動二輪（50cc超）
窃盗,オートバイ盗,千葉南,土気駅前交番,121053,千葉県,千葉市緑区,高津戸町,2018-09-01,01,駐車（輪）場,キーなし,なし,原動機付自転車（50cc以下）
窃盗,オートバイ盗,千葉南,土気駅前交番,121053,千葉県,千葉市緑区,土気町,2018-09-03,20,駐車（輪）場,キーなし,あり,自動二輪（50cc超）
窃盗,オートバイ盗,千葉南,土気駅前交番,121053,千葉県,千葉市緑区,土気町,2018-09-23,17,その他の住宅（３階建て以下共同住宅等）,キーなし,なし,自動二輪（50cc超）
窃盗,オートバイ盗,千葉南,土気駅前交番,121053,千葉県,千葉市緑区,あすみが丘２丁目,2018-09-27,07,その他の住宅（３階建て以下共同住宅等）,キーなし,あり,自動二輪（50cc超）
窃盗,オートバイ盗,千葉南,土気駅前交番,121053,千葉県,千葉市緑区,あすみが丘東３丁目,2018-09-22,17,その他の住宅（３階建て以下共同住宅等）,キーなし,あり,自動二輪（50cc超）
窃盗,オートバイ盗,千葉南,誉田交番,121053,千葉県,千葉市緑区,高田町,2018-01-07,12,一戸建住宅,キーなし,なし,自動二輪（50cc超）
窃盗,オートバイ盗,千葉南,誉田交番,121053,千葉県,千葉市緑区,高田町,2018-08-28,00,一戸建住宅,キーなし,なし,自動二輪（50cc超）
窃盗,オートバイ盗,千葉南,誉田交番,121053,千葉県,千葉市緑区,高田町,2018-08-29,19,一戸建住宅,キーなし,なし,自動二輪（50cc超）
窃盗,オートバイ盗,千葉南,誉田交番,121053,千葉県,千葉市緑区,高田町,2018-10-30,19,一戸建住宅,キーなし,あり,自動二輪（50cc超）
窃盗,オートバイ盗,千葉南,誉田交番,121053,千葉県,千葉市緑区,高田町,2018-10-30,21,駐車（輪）場,キーなし,なし,自動二輪（50cc超）
窃盗,オートバイ盗,千葉南,誉田交番,121053,千葉県,千葉市緑区,平川町,2018-04-01,22,一戸建住宅,キーなし,なし,自動二輪（50cc超）
窃盗,オートバイ盗,千葉南,誉田交番,121053,千葉県,千葉市緑区,平川町,2018-09-04,21,一戸建住宅,キーなし,なし,自動二輪（50cc超）
窃盗,オートバイ盗,千葉南,誉田交番,121053,千葉県,千葉市緑区,おゆみ野６丁目,2018-06-01,不明,４階建て以上共同住宅,キーなし,なし,原動機付自転車（50cc以下）
窃盗,オートバイ盗,千葉南,学園前駅前交番,121053,千葉県,千葉市緑区,おゆみ野１丁目,2018-09-18,22,一戸建住宅,キーなし,なし,自動二輪（50cc超）
窃盗,オートバイ盗,千葉南,学園前駅前交番,121053,千葉県,千葉市緑区,おゆみ野中央１丁目,2018-09-17,17,４階建て以上共同住宅,キーなし,なし,自動二輪（50cc超）
窃盗,オートバイ盗,千葉南,学園前駅前交番,121053,千葉県,千葉市緑区,おゆみ野中央１丁目,2018-09-22,20,４階建て以上共同住宅,キーなし,なし,自動二輪（50cc超）
窃盗,オートバイ盗,習志野,秋津交番,122165,千葉県,習志野市,香澄１丁目,不明,不明,４階建て以上共同住宅,キーなし,なし,原動機付自転車（50cc以下）
窃盗,オートバイ盗,習志野,秋津交番,122165,千葉県,習志野市,香澄１丁目,2018-06-01,20,４階建て以上共同住宅,キーなし,なし,自動二輪（50cc超）
窃盗,オートバイ盗,習志野,京成大久保駅前交番,122165,千葉県,習志野市,泉町３丁目,2018-08-16,19,４階建て以上共同住宅,キーなし,なし,原動機付自転車（50cc以下）
窃盗,オートバイ盗,習志野,京成大久保駅前交番,122165,千葉県,習志野市,大久保１丁目,2018-10-19,16,４階建て以上共同住宅,キーなし,なし,原動機付自転車（50cc以下）
窃盗,オートバイ盗,習志野,京成津田沼駅前交番,122165,千葉県,習志野市,鷺沼３丁目,2018-01-07,23,その他,キーなし,なし,原動機付自転車（50cc以下）
窃盗,オートバイ盗,習志野,京成津田沼駅前交番,122165,千葉県,習志野市,鷺沼５丁目,2018-08-03,18,その他の住宅（３階建て以下共同住宅等）,キーなし,なし,原動機付自転車（50cc以下）
窃盗,オートバイ盗,習志野,袖ヶ浦交番,122165,千葉県,習志野市,袖ケ浦２丁目,2018-09-23,14,４階建て以上共同住宅,キーなし,なし,自動二輪（50cc超）
窃盗,オートバイ盗,習志野,袖ヶ浦交番,122165,千葉県,習志野市,袖ケ浦２丁目,2018-10-05,19,４階建て以上共同住宅,キーなし,なし,自動二輪（50cc超）
窃盗,オートバイ盗,習志野,津田沼駅前交番,122165,千葉県,習志野市,津田沼１丁目,2018-03-25,23,駐車（輪）場,キーなし,なし,原動機付自転車（50cc以下）
窃盗,オートバイ盗,習志野,津田沼駅前交番,122165,千葉県,習志野市,津田沼１丁目,2018-04-11,07,駐車（輪）場,キーなし,あり,原動機付自転車（50cc以下）
窃盗,オートバイ盗,習志野,津田沼駅前交番,122165,千葉県,習志野市,津田沼１丁目,2018-05-01,19,駐車（輪）場,キーなし,なし,原動機付自転車（50cc以下）
窃盗,オートバイ盗,習志野,津田沼駅前交番,122165,千葉県,習志野市,津田沼１丁目,2018-08-21,07,駐車（輪）場,キーなし,なし,原動機付自転車（50cc以下）
窃盗,オートバイ盗,習志野,津田沼駅前交番,122165,千葉県,習志野市,津田沼１丁目,2018-10-25,07,駐車（輪）場,キーなし,なし,原動機付自転車（50cc以下）
窃盗,オートバイ盗,習志野,津田沼駅前交番,122165,千葉県,習志野市,谷津２丁目,2018-07-15,18,その他の住宅（３階建て以下共同住宅等）,キーなし,なし,原動機付自転車（50cc以下）
窃盗,オートバイ盗,習志野,津田沼駅前交番,122165,千葉県,習志野市,谷津６丁目,2017-12-01,不明,４階建て以上共同住宅,キーなし,なし,原動機付自転車（50cc以下）
窃盗,オートバイ盗,習志野,藤崎交番,122165,千葉県,習志野市,藤崎４丁目,2018-05-06,01,その他の住宅（３階建て以下共同住宅等）,キーなし,なし,自動二輪（50cc超）
窃盗,オートバイ盗,習志野,谷津交番,122165,千葉県,習志野市,谷津３丁目,2017-12-29,23,４階建て以上共同住宅,キーなし,なし,原動機付自転車（50cc以下）
窃盗,オートバイ盗,船橋,新船橋駅前交番,122041,千葉県,船橋市,北本町２丁目,2018-07-31,19,その他の住宅（３階建て以下共同住宅等）,キーなし,なし,なし
窃盗,オートバイ盗,船橋,中山駅前交番,122041,千葉県,船橋市,本中山３丁目,2018-04-19,12,その他の住宅（３階建て以下共同住宅等）,キーなし,なし,自動二輪（50cc超）
窃盗,オートバイ盗,船橋,西船橋駅前交番,122041,千葉県,船橋市,印内町,2017-12-30,15,駐車（輪）場,キーなし,なし,原動機付自転車（50cc以下）
窃盗,オートバイ盗,船橋,西船橋駅前交番,122041,千葉県,船橋市,西船１丁目,不明,不明,駐車（輪）場,キーなし,なし,自動二輪（50cc超）
窃盗,オートバイ盗,船橋,西船橋駅前交番,122041,千葉県,船橋市,山野町,2018-05-31,12,その他の住宅（３階建て以下共同住宅等）,キーなし,なし,原動機付自転車（50cc以下）
窃盗,オートバイ盗,船橋,西船橋駅前交番,122041,千葉県,船橋市,山野町,2018-09-15,17,駐車（輪）場,キーなし,なし,原動機付自転車（50cc以下）
窃盗,オートバイ盗,船橋,浜町交番,122041,千葉県,船橋市,浜町２丁目,2018-01-03,20,駐車（輪）場,キーなし,なし,自動二輪（50cc超）
窃盗,オートバイ盗,船橋,浜町交番,122041,千葉県,船橋市,若松２丁目,2018-10-24,10,駐車（輪）場,キーなし,なし,原動機付自転車（50cc以下）
窃盗,オートバイ盗,船橋,東船橋駅前交番,122041,千葉県,船橋市,東船橋２丁目,2018-12-18,08,その他の住宅（３階建て以下共同住宅等）,キーなし,なし,原動機付自転車（50cc以下）
窃盗,オートバイ盗,船橋,船橋駅前交番,122041,千葉県,船橋市,本町２丁目,2018-03-26,20,駐車（輪）場,キーなし,なし,自動二輪（50cc超）
窃盗,オートバイ盗,船橋,船橋駅前交番,122041,千葉県,船橋市,本町２丁目,2018-10-14,22,道路上,キーなし,なし,原動機付自転車（50cc以下）
窃盗,オートバイ盗,船橋,船橋駅前交番,122041,千葉県,船橋市,本町４丁目,2018-03-05,07,駐車（輪）場,キーなし,なし,原動機付自転車（50cc以下）
窃盗,オートバイ盗,船橋,船橋駅前交番,122041,千葉県,船橋市,本町５丁目,2018-03-15,08,駐車（輪）場,キーなし,なし,原動機付自転車（50cc以下）
窃盗,オートバイ盗,船橋,法典交番,122041,千葉県,船橋市,藤原３丁目,2013-11-10,不明,駐車（輪）場,キーなし,なし,自動二輪（50cc超）
窃盗,オートバイ盗,船橋,法典交番,122041,千葉県,船橋市,藤原５丁目,2016-03-01,00,道路上,キーなし,なし,自動二輪（50cc超）
窃盗,オートバイ盗,船橋,法典交番,122041,千葉県,船橋市,藤原５丁目,2018-10-07,12,駐車（輪）場,キーなし,あり,原動機付自転車（50cc以下）
窃盗,オートバイ盗,船橋,緑台交番,122041,千葉県,船橋市,金杉４丁目,2018-07-11,16,一戸建住宅,キーなし,なし,原動機付自転車（50cc以下）
窃盗,オートバイ盗,船橋,緑台交番,122041,千葉県,船橋市,金杉９丁目,2018-08-02,20,道路上,キーなし,なし,原動機付自転車（50cc以下）
窃盗,オートバイ盗,船橋,緑台交番,122041,千葉県,船橋市,金杉台２丁目,2018-01-23,22,道路上,キーなし,なし,自動二輪（50cc超）
窃盗,オートバイ盗,船橋,緑台交番,122041,千葉県,船橋市,新高根２丁目,2018-05-29,18,一戸建住宅,キーなし,なし,自動二輪（50cc超）
窃盗,オートバイ盗,船橋,緑台交番,122041,千葉県,船橋市,緑台２丁目,2018-06-23,02,４階建て以上共同住宅,キーなし,なし,原動機付自転車（50cc以下）
窃盗,オートバイ盗,船橋,宮本交番,122041,千葉県,船橋市,宮本１丁目,不明,不明,道路上,キーなし,なし,自動二輪（50cc超）
窃盗,オートバイ盗,船橋,宮本交番,122041,千葉県,船橋市,宮本７丁目,不明,不明,その他の住宅（３階建て以下共同住宅等）,キーなし,なし,原動機付自転車（50cc以下）
窃盗,オートバイ盗,市川,市川駅前交番,122033,千葉県,市川市,市川１丁目,2018-12-12,04,道路上,キーなし,なし,原動機付自転車（50cc以下）
窃盗,オートバイ盗,市川,市川駅前交番,122033,千葉県,市川市,新田３丁目,2018-02-23,06,その他の住宅（３階建て以下共同住宅等）,キーなし,なし,自動二輪（50cc超）
窃盗,オートバイ盗,市川,市川駅前交番,122033,千葉県,市川市,新田３丁目,不明,不明,その他の住宅（３階建て以下共同住宅等）,キーなし,なし,原動機付自転車（50cc以下）
窃盗,オートバイ盗,市川,大野駅前交番,122033,千葉県,市川市,大野町３丁目,2018-07-31,23,道路上,キーなし,なし,自動二輪（50cc超）
窃盗,オートバイ盗,市川,大野駅前交番,122033,千葉県,市川市,南大野１丁目,2018-04-19,20,その他の住宅（３階建て以下共同住宅等）,キーなし,なし,自動二輪（50cc超）
窃盗,オートバイ盗,市川,大野駅前交番,122033,千葉県,市川市,南大野１丁目,2018-08-03,20,一戸建住宅,キーなし,なし,原動機付自転車（50cc以下）
窃盗,オートバイ盗,市川,大野駅前交番,122033,千葉県,市川市,南大野２丁目,2018-05-19,17,一戸建住宅,キーなし,あり,自動二輪（50cc超）
窃盗,オートバイ盗,市川,国分交番,122033,千葉県,市川市,曽谷２丁目,2018-07-20,17,駐車（輪）場,キーなし,なし,自動二輪（50cc超）
窃盗,オートバイ盗,市川,国分交番,122033,千葉県,市川市,東国分１丁目,2018-12-28,18,駐車（輪）場,キーなし,なし,原動機付自転車（50cc以下）
窃盗,オートバイ盗,市川,中国分交番,122033,千葉県,市川市,北国分１丁目,2018-03-20,00,道路上,キーなし,なし,原動機付自転車（50cc以下）
窃盗,オートバイ盗,市川,原木交番,122033,千葉県,市川市,高谷２丁目,2018-04-12,23,その他の住宅（３階建て以下共同住宅等）,キーなし,なし,原動機付自転車（50cc以下）
窃盗,オートバイ盗,市川,南八幡交番,122033,千葉県,市川市,鬼高１丁目,2018-08-20,13,駐車（輪）場,キーなし,なし,原動機付自転車（50cc以下）
窃盗,オートバイ盗,市川,南八幡交番,122033,千葉県,市川市,鬼高２丁目,2018-05-12,22,４階建て以上共同住宅,キーなし,なし,自動二輪（50cc超）
窃盗,オートバイ盗,市川,南八幡交番,122033,千葉県,市川市,鬼高３丁目,2018-05-12,07,４階建て以上共同住宅,キーなし,なし,自動二輪（50cc超）
窃盗,オートバイ盗,市川,南八幡交番,122033,千葉県,市川市,南八幡４丁目,不明,不明,駐車（輪）場,キーなし,なし,原動機付自転車（50cc以下）
窃盗,オートバイ盗,市川,南八幡交番,122033,千葉県,市川市,南八幡４丁目,2018-10-15,17,４階建て以上共同住宅,キーなし,なし,原動機付自転車（50cc以下）
窃盗,オートバイ盗,市川,本八幡交番,122033,千葉県,市川市,平田２丁目,2018-09-18,08,道路上,キーなし,なし,自動二輪（50cc超）
窃盗,オートバイ盗,市川,本八幡交番,122033,千葉県,市川市,八幡２丁目,2018-04-10,17,駐車（輪）場,キーなし,あり,自動二輪（50cc超）
窃盗,オートバイ盗,市川,若宮交番,122033,千葉県,市川市,鬼越１丁目,2018-10-17,22,駐車（輪）場,キーなし,なし,原動機付自転車（50cc以下）
窃盗,オートバイ盗,市川,柏井交番,122033,千葉県,市川市,北方町４丁目,2018-09-24,14,その他の住宅（３階建て以下共同住宅等）,キーなし,なし,原動機付自転車（50cc以下）
窃盗,オートバイ盗,市川,柏井交番,122033,千葉県,市川市,宮久保５丁目,2018-05-12,18,一戸建住宅,キーなし,なし,原動機付自転車（50cc以下）
窃盗,オートバイ盗,市川,柏井交番,122033,千葉県,市川市,宮久保６丁目,2018-05-06,19,一戸建住宅,キーなし,なし,自動二輪（50cc超）
窃盗,オートバイ盗,浦安,浦安駅前交番,122271,千葉県,浦安市,当代島１丁目,2018-07-16,12,４階建て以上共同住宅,キーなし,なし,自動二輪（50cc超）
窃盗,オートバイ盗,浦安,浦安駅前交番,122271,千葉県,浦安市,当代島３丁目,2017-12-23,12,その他の住宅（３階建て以下共同住宅等）,キーなし,なし,原動機付自転車（50cc以下）
窃盗,オートバイ盗,浦安,浦安駅前交番,122271,千葉県,浦安市,当代島３丁目,2018-07-05,19,４階建て以上共同住宅,キーなし,なし,自動二輪（50cc超）
窃盗,オートバイ盗,浦安,浦安駅前交番,122271,千葉県,浦安市,猫実２丁目,2018-02-22,08,その他,キーなし,なし,原動機付自転車（50cc以下）
窃盗,オートバイ盗,浦安,浦安駅前交番,122271,千葉県,浦安市,猫実４丁目,2018-01-01,17,４階建て以上共同住宅,キーなし,あり,原動機付自転車（50cc以下）
窃盗,オートバイ盗,浦安,新浦安駅前交番,122271,千葉県,浦安市,海楽１丁目,2018-06-11,19,その他の住宅（３階建て以下共同住宅等）,キーなし,なし,自動二輪（50cc超）
窃盗,オートバイ盗,浦安,富岡交番,122271,千葉県,浦安市,今川３丁目,2018-07-10,10,その他,キーなし,なし,原動機付自転車（50cc以下）
窃盗,オートバイ盗,浦安,富士見交番,122271,千葉県,浦安市,東野１丁目,2018-01-19,21,その他,キーなし,なし,自動二輪（50cc超）
窃盗,オートバイ盗,浦安,富士見交番,122271,千葉県,浦安市,東野２丁目,2018-08-16,19,その他の住宅（３階建て以下共同住宅等）,キーなし,なし,原動機付自転車（50cc以下）
窃盗,オートバイ盗,浦安,富士見交番,122271,千葉県,浦安市,富士見２丁目,2018-07-28,20,４階建て以上共同住宅,キーなし,なし,なし
窃盗,オートバイ盗,浦安,日の出交番,122271,千葉県,浦安市,日の出４丁目,2018-04-20,23,４階建て以上共同住宅,キーなし,なし,なし
窃盗,オートバイ盗,松戸,北松戸交番,122076,千葉県,松戸市,上本郷,2018-07-02,23,その他,キーなし,なし,自動二輪（50cc超）
窃盗,オートバイ盗,松戸,北松戸交番,122076,千葉県,松戸市,上本郷,2018-07-16,10,その他の住宅（３階建て以下共同住宅等）,キーなし,なし,原動機付自転車（50cc以下）
窃盗,オートバイ盗,松戸,北松戸交番,122076,千葉県,松戸市,新作,2018-07-08,22,その他の住宅（３階建て以下共同住宅等）,キーなし,なし,原動機付自転車（50cc以下）
窃盗,オートバイ盗,松戸,北松戸交番,122076,千葉県,松戸市,中和倉,2018-04-26,21,一戸建住宅,キーなし,なし,原動機付自転車（50cc以下）
窃盗,オートバイ盗,松戸,北松戸交番,122076,千葉県,松戸市,南花島３丁目,2017-05-12,18,駐車（輪）場,キーなし,なし,原動機付自転車（50cc以下）
窃盗,オートバイ盗,松戸,北松戸交番,122076,千葉県,松戸市,南花島３丁目,2018-02-24,12,道路上,キーなし,なし,自動二輪（50cc超）
窃盗,オートバイ盗,松戸,新松戸交番,122076,千葉県,松戸市,新松戸１丁目,2018-07-20,12,駐車（輪）場,キーなし,なし,原動機付自転車（50cc以下）
窃盗,オートバイ盗,松戸,新松戸交番,122076,千葉県,松戸市,新松戸１丁目,2018-09-20,10,駐車（輪）場,キーなし,なし,原動機付自転車（50cc以下）
窃盗,オートバイ盗,松戸,新松戸交番,122076,千葉県,松戸市,新松戸６丁目,2018-02-26,02,道路上,キーなし,なし,原動機付自転車（50cc以下）
窃盗,オートバイ盗,松戸,新松戸交番,122076,千葉県,松戸市,横須賀２丁目,不明,不明,その他の住宅（３階建て以下共同住宅等）,キーなし,なし,原動機付自転車（50cc以下）
窃盗,オートバイ盗,松戸,新松戸交番,122076,千葉県,松戸市,新松戸南１丁目,2018-07-11,21,４階建て以上共同住宅,キーなし,なし,原動機付自転車（50cc以下）
窃盗,オートバイ盗,松戸,新松戸交番,122076,千葉県,松戸市,新松戸北１丁目,2018-04-04,16,４階建て以上共同住宅,キーなし,なし,原動機付自転車（50cc以下）
窃盗,オートバイ盗,松戸,東松戸交番,122076,千葉県,松戸市,高塚新田,2018-08-05,13,一戸建住宅,キーなし,なし,自動二輪（50cc超）
窃盗,オートバイ盗,松戸,東松戸交番,122076,千葉県,松戸市,高塚新田,2018-12-26,18,４階建て以上共同住宅,キーなし,なし,原動機付自転車（50cc以下）
窃盗,オートバイ盗,松戸,東松戸交番,122076,千葉県,松戸市,高塚新田,2018-12-26,23,４階建て以上共同住宅,キーなし,なし,原動機付自転車（50cc以下）
窃盗,オートバイ盗,松戸,東松戸交番,122076,千葉県,松戸市,牧の原,2018-03-04,17,駐車（輪）場,キーなし,あり,自動二輪（50cc超）
窃盗,オートバイ盗,松戸,二十世紀が丘交番,122076,千葉県,松戸市,二十世紀が丘萩町,2018-06-09,00,一戸建住宅,キーなし,なし,自動二輪（50cc超）
窃盗,オートバイ盗,松戸,松戸駅前交番,122076,千葉県,松戸市,古ケ崎,2018-03-31,10,道路上,キーなし,なし,原動機付自転車（50cc以下）
窃盗,オートバイ盗,松戸,松戸駅前交番,122076,千葉県,松戸市,古ケ崎,2018-07-06,08,その他の住宅（３階建て以下共同住宅等）,キーなし,なし,自動二輪（50cc超）
窃盗,オートバイ盗,松戸,松戸駅前交番,122076,千葉県,松戸市,古ケ崎,2018-12-22,09,４階建て以上共同住宅,キーなし,なし,原動機付自転車（50cc以下）
窃盗,オートバイ盗,松戸,松戸駅前交番,122076,千葉県,松戸市,小山,2018-09-27,17,その他の住宅（３階建て以下共同住宅等）,キーなし,なし,原動機付自転車（50cc以下）
窃盗,オートバイ盗,松戸,松戸駅前交番,122076,千葉県,松戸市,樋野口,2015-11-01,07,その他の住宅（３階建て以下共同住宅等）,キーなし,なし,自動二輪（50cc超）
窃盗,オートバイ盗,松戸,松戸駅前交番,122076,千葉県,松戸市,樋野口,2018-05-03,11,一戸建住宅,キーなし,あり,原動機付自転車（50cc以下）
窃盗,オートバイ盗,松戸,松戸駅前交番,122076,千葉県,松戸市,樋野口,2018-05-04,07,一戸建住宅,キーなし,なし,自動二輪（50cc超）
窃盗,オートバイ盗,松戸,松戸駅前交番,122076,千葉県,松戸市,本町,不明,不明,その他,キーなし,なし,原動機付自転車（50cc以下）
窃盗,オートバイ盗,松戸,松戸駅前交番,122076,千葉県,松戸市,松戸,2018-02-22,19,その他の住宅（３階建て以下共同住宅等）,キーなし,なし,自動二輪（50cc超）
窃盗,オートバイ盗,松戸,松戸駅前交番,122076,千葉県,松戸市,松戸,2018-02-25,19,その他の住宅（３階建て以下共同住宅等）,キーなし,なし,自動二輪（50cc超）
窃盗,オートバイ盗,松戸,松戸駅前交番,122076,千葉県,松戸市,松戸,2018-02-25,21,一戸建住宅,キーなし,なし,なし
窃盗,オートバイ盗,松戸,松戸駅前交番,122076,千葉県,松戸市,松戸,2018-05-03,16,４階建て以上共同住宅,キーなし,なし,自動二輪（50cc超）
窃盗,オートバイ盗,松戸,松戸駅前交番,122076,千葉県,松戸市,松戸,2018-05-17,05,道路上,キーなし,なし,原動機付自転車（50cc以下）
窃盗,オートバイ盗,松戸,松戸駅前交番,122076,千葉県,松戸市,松戸,2018-07-05,22,その他の住宅（３階建て以下共同住宅等）,キーなし,なし,原動機付自転車（50cc以下）
窃盗,オートバイ盗,松戸,松飛台交番,122076,千葉県,松戸市,牧の原２丁目,2018-01-26,23,一戸建住宅,キーなし,なし,自動二輪（50cc超）
窃盗,オートバイ盗,松戸,松飛台交番,122076,千葉県,松戸市,五香西１丁目,2018-08-01,不明,４階建て以上共同住宅,キーなし,なし,原動機付自転車（50cc以下）
窃盗,オートバイ盗,松戸,馬橋西交番,122076,千葉県,松戸市,西馬橋３丁目,2018-08-24,21,駐車（輪）場,キーなし,なし,原動機付自転車（50cc以下）
窃盗,オートバイ盗,松戸,稔台交番,122076,千葉県,松戸市,稔台１丁目,2017-08-05,17,その他,キーなし,なし,原動機付自転車（50cc以下）
窃盗,オートバイ盗,松戸,稔台交番,122076,千葉県,松戸市,稔台１丁目,2018-06-13,19,駐車（輪）場,キーなし,なし,原動機付自転車（50cc以下）
窃盗,オートバイ盗,松戸,稔台交番,122076,千葉県,松戸市,稔台７丁目,2018-09-27,18,駐車（輪）場,キーなし,なし,原動機付自転車（50cc以下）
窃盗,オートバイ盗,松戸,稔台交番,122076,千葉県,松戸市,稔台８丁目,2018-03-29,20,その他の住宅（３階建て以下共同住宅等）,キーなし,なし,原動機付自転車（50cc以下）
窃盗,オートバイ盗,松戸,矢切交番,122076,千葉県,松戸市,,2018-05-15,17,道路上,キーなし,なし,原動機付自転車（50cc以下）
窃盗,オートバイ盗,松戸,矢切交番,122076,千葉県,松戸市,上矢切,2018-02-23,16,一戸建住宅,キーなし,あり,自動二輪（50cc超）
窃盗,オートバイ盗,松戸,矢切交番,122076,千葉県,松戸市,栗山,2018-02-26,18,その他の住宅（３階建て以下共同住宅等）,キーなし,なし,自動二輪（50cc超）
窃盗,オートバイ盗,松戸,矢切交番,122076,千葉県,松戸市,栗山,2018-02-26,23,一戸建住宅,キーなし,なし,原動機付自転車（50cc以下）
窃盗,オートバイ盗,松戸,矢切交番,122076,千葉県,松戸市,三矢小台４丁目,2018-04-01,20,その他の住宅（３階建て以下共同住宅等）,キーなし,なし,自動二輪（50cc超）
窃盗,オートバイ盗,松戸,八柱交番,122076,千葉県,松戸市,河原塚,2018-01-01,不明,駐車（輪）場,キーなし,なし,原動機付自転車（50cc以下）
窃盗,オートバイ盗,松戸,八柱交番,122076,千葉県,松戸市,千駄堀,2018-01-26,07,その他の住宅（３階建て以下共同住宅等）,キーなし,なし,自動二輪（50cc超）
窃盗,オートバイ盗,松戸,八柱交番,122076,千葉県,松戸市,日暮３丁目,2018-02-05,15,道路上,キーなし,なし,原動機付自転車（50cc以下）
窃盗,オートバイ盗,松戸,八柱交番,122076,千葉県,松戸市,日暮７丁目,2018-04-11,17,その他の住宅（３階建て以下共同住宅等）,キーなし,なし,自動二輪（50cc超）
窃盗,オートバイ盗,松戸,八柱交番,122076,千葉県,松戸市,日暮８丁目,不明,不明,その他の住宅（３階建て以下共同住宅等）,キーなし,なし,原動機付自転車（50cc以下）
窃盗,オートバイ盗,松戸,栄町交番,122076,千葉県,松戸市,古ケ崎３丁目,2018-06-18,20,駐車（輪）場,キーなし,なし,自動二輪（50cc超）
窃盗,オートバイ盗,松戸,栄町交番,122076,千葉県,松戸市,古ケ崎４丁目,2018-03-22,19,その他の住宅（３階建て以下共同住宅等）,キーなし,なし,自動二輪（50cc超）
窃盗,オートバイ盗,松戸,栄町交番,122076,千葉県,松戸市,栄町８丁目,2018-04-15,00,その他の住宅（３階建て以下共同住宅等）,キーなし,なし,原動機付自転車（50cc以下）
窃盗,オートバイ盗,松戸,栄町交番,122076,千葉県,松戸市,新作,2018-06-11,20,その他の住宅（３階建て以下共同住宅等）,キーなし,なし,自動二輪（50cc超）
窃盗,オートバイ盗,松戸,栄町交番,122076,千葉県,松戸市,中根長津町,2018-11-18,22,その他の住宅（３階建て以下共同住宅等）,キーなし,なし,原動機付自転車（50cc以下）
窃盗,オートバイ盗,野田,川間駅前交番,122084,千葉県,野田市,尾崎,2018-01-09,07,駐車（輪）場,キーなし,なし,自動二輪（50cc超）
窃盗,オートバイ盗,野田,川間駅前交番,122084,千葉県,野田市,尾崎,2018-09-15,21,駐車（輪）場,キーなし,なし,自動二輪（50cc超）
窃盗,オートバイ盗,野田,川間駅前交番,122084,千葉県,野田市,尾崎,2018-10-13,20,道路上,キーなし,なし,自動二輪（50cc超）
窃盗,オートバイ盗,野田,川間駅前交番,122084,千葉県,野田市,中里,2018-09-14,20,その他,キーなし,なし,原動機付自転車（50cc以下）
窃盗,オートバイ盗,野田,川間駅前交番,122084,千葉県,野田市,光葉町１丁目,2018-05-06,06,道路上,キーなし,なし,原動機付自転車（50cc以下）
窃盗,オートバイ盗,野田,川間駅前交番,122084,千葉県,野田市,光葉町２丁目,2018-01-13,21,一戸建住宅,キーなし,なし,原動機付自転車（50cc以下）
窃盗,オートバイ盗,野田,南部交番,122084,千葉県,野田市,花井,2018-09-17,22,その他の住宅（３階建て以下共同住宅等）,キーなし,なし,自動二輪（50cc超）
窃盗,オートバイ盗,野田,南部交番,122084,千葉県,野田市,山崎,2018-09-18,18,その他の住宅（３階建て以下共同住宅等）,キーなし,なし,自動二輪（50cc超）
窃盗,オートバイ盗,野田,南部交番,122084,千葉県,野田市,山崎,2018-11-07,13,その他の住宅（３階建て以下共同住宅等）,キーなし,なし,自動二輪（50cc超）
窃盗,オートバイ盗,野田,南部交番,122084,千葉県,野田市,山崎,2018-11-07,17,一戸建住宅,キーなし,なし,原動機付自転車（50cc以下）
窃盗,オートバイ盗,野田,南部交番,122084,千葉県,野田市,みずき２丁目,2018-08-29,06,一戸建住宅,キーなし,なし,自動二輪（50cc超）
窃盗,オートバイ盗,野田,南部交番,122084,千葉県,野田市,桜木,2018-09-17,17,一戸建住宅,キーなし,なし,自動二輪（50cc超）
窃盗,オートバイ盗,野田,野田市駅前交番,122084,千葉県,野田市,上花輪,2018-03-30,22,駐車（輪）場,キーなし,なし,自動二輪（50cc超）
窃盗,オートバイ盗,野田,野田市駅前交番,122084,千葉県,野田市,清水,2018-01-14,22,駐車（輪）場,キーなし,なし,自動二輪（50cc超）
窃盗,オートバイ盗,野田,野田市駅前交番,122084,千葉県,野田市,中根,2018-08-30,11,その他,キーなし,なし,原動機付自転車（50cc以下）
窃盗,オートバイ盗,野田,野田市駅前交番,122084,千葉県,野田市,野田,2018-08-05,16,駐車（輪）場,キーなし,あり,原動機付自転車（50cc以下）
窃盗,オートバイ盗,野田,野田市駅前交番,122084,千葉県,野田市,野田,2018-09-21,05,駐車（輪）場,キーなし,なし,自動二輪（50cc超）
窃盗,オートバイ盗,野田,野田市駅前交番,122084,千葉県,野田市,野田,2018-09-30,08,駐車（輪）場,キーなし,なし,原動機付自転車（50cc以下）
窃盗,オートバイ盗,野田,野田市駅前交番,122084,千葉県,野田市,野田,2018-10-01,07,駐車（輪）場,キーなし,なし,原動機付自転車（50cc以下）
窃盗,オートバイ盗,野田,野田市駅前交番,122084,千葉県,野田市,宮崎,2018-07-25,06,駐車（輪）場,キーなし,あり,自動二輪（50cc超）
窃盗,オートバイ盗,野田,野田市駅前交番,122084,千葉県,野田市,宮崎,2018-09-23,21,一戸建住宅,キーなし,なし,自動二輪（50cc超）
窃盗,オートバイ盗,野田,野田市駅前交番,122084,千葉県,野田市,桜の里３丁目,2018-08-27,07,一戸建住宅,キーなし,なし,自動二輪（50cc超）
窃盗,オートバイ盗,野田,野田市駅前交番,122084,千葉県,野田市,つつみ野１丁目,2018-11-11,15,一戸建住宅,キーなし,なし,原動機付自転車（50cc以下）
窃盗,オートバイ盗,野田,二川交番,122084,千葉県,野田市,中戸,2018-06-11,07,一戸建住宅,キーなし,なし,原動機付自転車（50cc以下）
窃盗,オートバイ盗,柏,旭町交番,122173,千葉県,柏市,明原３丁目,2017-12-10,06,その他の住宅（３階建て以下共同住宅等）,キーなし,なし,原動機付自転車（50cc以下）
窃盗,オートバイ盗,柏,旭町交番,122173,千葉県,柏市,豊四季台４丁目,2018-01-14,21,その他の住宅（３階建て以下共同住宅等）,キーなし,なし,その他
窃盗,オートバイ盗,柏,旭町交番,122173,千葉県,柏市,豊四季台４丁目,2018-04-23,15,駐車（輪）場,キーなし,なし,原動機付自転車（50cc以下）
窃盗,オートバイ盗,柏,旭町交番,122173,千葉県,柏市,西町,2018-04-05,01,一戸建住宅,キーなし,なし,自動二輪（50cc超）
窃盗,オートバイ盗,柏,大津ヶ丘交番,122173,千葉県,柏市,塚崎,2018-04-21,08,駐車（輪）場,キーなし,なし,自動二輪（50cc超）
窃盗,オートバイ盗,柏,大津ヶ丘交番,122173,千葉県,柏市,塚崎,2018-05-02,23,駐車（輪）場,キーなし,なし,原動機付自転車（50cc以下）
窃盗,オートバイ盗,柏,大津ヶ丘交番,122173,千葉県,柏市,塚崎,2018-08-23,21,駐車（輪）場,キーなし,なし,原動機付自転車（50cc以下）
窃盗,オートバイ盗,柏,大津ヶ丘交番,122173,千葉県,柏市,塚崎２丁目,2018-09-03,22,一戸建住宅,キーなし,なし,原動機付自転車（50cc以下）
窃盗,オートバイ盗,柏,大津ヶ丘交番,122173,千葉県,柏市,緑台,2018-09-04,05,その他の住宅（３階建て以下共同住宅等）,キーなし,なし,原動機付自転車（50cc以下）
窃盗,オートバイ盗,柏,大津ヶ丘交番,122173,千葉県,柏市,手賀の杜３丁目,2018-09-06,19,道路上,キーなし,なし,原動機付自転車（50cc以下）
窃盗,オートバイ盗,柏,大津ヶ丘交番,122173,千葉県,柏市,手賀の杜３丁目,2018-10-24,18,一戸建住宅,キーなし,なし,原動機付自転車（50cc以下）
窃盗,オートバイ盗,柏,柏駅前交番,122173,千葉県,柏市,柏１丁目,2018-06-24,14,その他,キーなし,なし,原動機付自転車（50cc以下）
窃盗,オートバイ盗,柏,柏駅前交番,122173,千葉県,柏市,柏１丁目,2018-06-27,14,その他,キーなし,なし,原動機付自転車（50cc以下）
窃盗,オートバイ盗,柏,柏駅前交番,122173,千葉県,柏市,柏２丁目,2018-03-27,11,駐車（輪）場,キーなし,なし,自動二輪（50cc超）
窃盗,オートバイ盗,柏,柏駅前交番,122173,千葉県,柏市,南逆井１丁目,2018-06-18,20,道路上,キーなし,なし,自動二輪（50cc超）
窃盗,オートバイ盗,柏,北柏駅前交番,122173,千葉県,柏市,北柏３丁目,2018-04-07,13,その他,キーなし,なし,自動二輪（50cc超）
窃盗,オートバイ盗,柏,高田原交番,122173,千葉県,柏市,高田,2018-05-01,08,駐車（輪）場,キーなし,あり,自動二輪（50cc超）
窃盗,オートバイ盗,柏,高田原交番,122173,千葉県,柏市,十余二,2018-09-02,11,一戸建住宅,キーなし,なし,原動機付自転車（50cc以下）
窃盗,オートバイ盗,柏,豊四季駅前交番,122173,千葉県,柏市,篠籠田,2018-05-21,22,その他の住宅（３階建て以下共同住宅等）,キーなし,あり,自動二輪（50cc超）
窃盗,オートバイ盗,柏,豊四季駅前交番,122173,千葉県,柏市,篠籠田,2018-07-08,21,その他の住宅（３階建て以下共同住宅等）,キーなし,なし,自動二輪（50cc超）
窃盗,オートバイ盗,柏,花野井交番,122173,千葉県,柏市,大室,2018-08-27,20,一戸建住宅,キーなし,なし,原動機付自転車（50cc以下）
窃盗,オートバイ盗,柏,花野井交番,122173,千葉県,柏市,大室３丁目,2018-09-08,23,一戸建住宅,キーなし,なし,自動二輪（50cc超）
窃盗,オートバイ盗,柏,光ヶ丘交番,122173,千葉県,柏市,酒井根５丁目,2018-11-16,20,一戸建住宅,キーなし,なし,原動機付自転車（50cc以下）
窃盗,オートバイ盗,柏,光ヶ丘交番,122173,千葉県,柏市,酒井根６丁目,2018-03-08,10,一戸建住宅,キーなし,なし,自動二輪（50cc超）
窃盗,オートバイ盗,柏,光ヶ丘交番,122173,千葉県,柏市,光ケ丘４丁目,2018-10-09,22,一戸建住宅,キーなし,なし,原動機付自転車（50cc以下）
窃盗,オートバイ盗,柏,光ヶ丘交番,122173,千葉県,柏市,東山１丁目,2018-05-18,08,一戸建住宅,キーなし,なし,原動機付自転車（50cc以下）
窃盗,オートバイ盗,柏,光ヶ丘交番,122173,千葉県,柏市,東山２丁目,2018-05-16,18,一戸建住宅,キーなし,なし,原動機付自転車（50cc以下）
窃盗,オートバイ盗,柏,光ヶ丘交番,122173,千葉県,柏市,東山２丁目,2018-07-02,20,一戸建住宅,キーなし,なし,自動二輪（50cc超）
窃盗,オートバイ盗,柏,松葉町交番,122173,千葉県,柏市,松葉町５丁目,2018-08-10,18,４階建て以上共同住宅,キーなし,なし,自動二輪（50cc超）
窃盗,オートバイ盗,柏,緑ヶ丘交番,122173,千葉県,柏市,東２丁目,不明,不明,その他の住宅（３階建て以下共同住宅等）,キーなし,なし,自動二輪（50cc超）
窃盗,オートバイ盗,柏,緑ヶ丘交番,122173,千葉県,柏市,千代田１丁目,2018-06-19,16,駐車（輪）場,キーなし,なし,自動二輪（50cc超）
窃盗,オートバイ盗,柏,緑ヶ丘交番,122173,千葉県,柏市,若葉町,2017-08-20,16,その他の住宅（３階建て以下共同住宅等）,キーなし,なし,自動二輪（50cc超）
窃盗,オートバイ盗,柏,南増尾交番,122173,千葉県,柏市,逆井２丁目,2018-09-18,20,その他の住宅（３階建て以下共同住宅等）,キーなし,なし,原動機付自転車（50cc以下）
窃盗,オートバイ盗,柏,南増尾交番,122173,千葉県,柏市,,2018-06-29,00,駐車（輪）場,キーなし,なし,自動二輪（50cc超）
窃盗,オートバイ盗,柏,南増尾交番,122173,千葉県,柏市,南逆井４丁目,2018-06-23,02,一戸建住宅,キーなし,なし,自動二輪（50cc超）
窃盗,オートバイ盗,柏,南増尾交番,122173,千葉県,柏市,南逆井６丁目,2018-10-10,06,道路上,キーなし,なし,自動二輪（50cc超）
窃盗,オートバイ盗,柏,南増尾交番,122173,千葉県,柏市,新逆井１丁目,2018-04-25,16,一戸建住宅,キーなし,なし,自動二輪（50cc超）
窃盗,オートバイ盗,柏,高柳交番,122173,千葉県,柏市,高南台３丁目,2018-04-02,19,その他の住宅（３階建て以下共同住宅等）,キーなし,なし,原動機付自転車（50cc以下）
窃盗,オートバイ盗,柏,高柳交番,122173,千葉県,柏市,しいの木台３丁目,2018-05-30,20,一戸建住宅,キーなし,なし,自動二輪（50cc超）
窃盗,オートバイ盗,柏,高柳交番,122173,千葉県,柏市,高柳,2018-04-13,19,一戸建住宅,キーなし,なし,原動機付自転車（50cc以下）
窃盗,オートバイ盗,柏,高柳交番,122173,千葉県,柏市,高柳,2018-06-20,01,その他の住宅（３階建て以下共同住宅等）,キーなし,なし,自動二輪（50cc超）
窃盗,オートバイ盗,柏,高柳交番,122173,千葉県,柏市,高柳,2018-12-19,20,駐車（輪）場,キーなし,なし,自動二輪（50cc超）
窃盗,オートバイ盗,柏,泉駐在所,122173,千葉県,柏市,鷲野谷,2018-11-03,19,その他,キーなし,なし,自動二輪（50cc超）
窃盗,オートバイ盗,柏,藤ヶ谷駐在所,122173,千葉県,柏市,藤ケ谷,2016-11-01,00,その他,キーなし,なし,自動二輪（50cc超）
窃盗,オートバイ盗,柏,藤ヶ谷駐在所,122173,千葉県,柏市,藤ケ谷,2018-01-24,16,一戸建住宅,キーなし,あり,その他
窃盗,オートバイ盗,佐倉,八街幹部交番,122301,千葉県,八街市,八街に,2018-03-02,19,駐車（輪）場,キーなし,なし,自動二輪（50cc超）
窃盗,オートバイ盗,佐倉,八街幹部交番,122301,千葉県,八街市,八街ほ,2018-05-22,20,駐車（輪）場,キーなし,なし,原動機付自転車（50cc以下）
窃盗,オートバイ盗,佐倉,八街幹部交番,122301,千葉県,八街市,八街ほ,2018-10-28,08,４階建て以上共同住宅,キーなし,なし,原動機付自転車（50cc以下）
窃盗,オートバイ盗,佐倉,八街幹部交番,122301,千葉県,八街市,八街ほ,2018-10-28,13,駐車（輪）場,キーなし,なし,自動二輪（50cc超）
窃盗,オートバイ盗,佐倉,臼井交番,122122,千葉県,佐倉市,江原台２丁目,2018-10-15,18,その他の住宅（３階建て以下共同住宅等）,キーなし,なし,自動二輪（50cc超）
窃盗,オートバイ盗,佐倉,臼井交番,122122,千葉県,佐倉市,稲荷台１丁目,2018-09-20,06,駐車（輪）場,キーなし,あり,原動機付自転車（50cc以下）
窃盗,オートバイ盗,佐倉,臼井交番,122122,千葉県,佐倉市,染井野４丁目,2018-04-02,16,その他,キーなし,なし,原動機付自転車（50cc以下）
窃盗,オートバイ盗,佐倉,京成佐倉駅前交番,122122,千葉県,佐倉市,鏑木町,2018-10-10,19,一戸建住宅,キーなし,なし,原動機付自転車（50cc以下）
窃盗,オートバイ盗,佐倉,京成佐倉駅前交番,122122,千葉県,佐倉市,八幡台１丁目,2018-09-19,07,一戸建住宅,キーなし,なし,自動二輪（50cc超）
窃盗,オートバイ盗,佐倉,京成佐倉駅前交番,122122,千葉県,佐倉市,宮小路町,2018-03-07,18,駐車（輪）場,キーなし,なし,原動機付自転車（50cc以下）
窃盗,オートバイ盗,佐倉,京成佐倉駅前交番,122122,千葉県,佐倉市,弥勒町,2018-10-27,17,一戸建住宅,キーなし,なし,原動機付自転車（50cc以下）
窃盗,オートバイ盗,佐倉,京成佐倉駅前交番,122122,千葉県,佐倉市,稲荷台４丁目,2018-05-26,23,一戸建住宅,キーなし,なし,原動機付自転車（50cc以下）
窃盗,オートバイ盗,佐倉,佐倉駅前交番,122122,千葉県,佐倉市,石川,2018-10-30,23,一戸建住宅,キーなし,なし,自動二輪（50cc超）
窃盗,オートバイ盗,佐倉,佐倉駅前交番,122122,千葉県,佐倉市,大篠塚,2018-11-17,16,一戸建住宅,キーなし,なし,原動機付自転車（50cc以下）
窃盗,オートバイ盗,佐倉,佐倉駅前交番,122122,千葉県,佐倉市,角来,2018-09-13,21,一戸建住宅,キーなし,なし,原動機付自転車（50cc以下）
窃盗,オートバイ盗,佐倉,佐倉駅前交番,122122,千葉県,佐倉市,城,2018-05-05,10,その他の住宅（３階建て以下共同住宅等）,キーなし,なし,なし
窃盗,オートバイ盗,佐倉,佐倉駅前交番,122122,千葉県,佐倉市,宮前３丁目,2018-11-16,20,一戸建住宅,キーなし,なし,自動二輪（50cc超）
窃盗,オートバイ盗,佐倉,佐倉駅前交番,122122,千葉県,佐倉市,大崎台２丁目,2018-05-13,20,一戸建住宅,キーなし,なし,自動二輪（50cc超）
窃盗,オートバイ盗,佐倉,佐倉駅前交番,122122,千葉県,佐倉市,大崎台５丁目,2018-02-19,18,一戸建住宅,キーなし,なし,自動二輪（50cc超）
窃盗,オートバイ盗,佐倉,佐倉駅前交番,122122,千葉県,佐倉市,大崎台５丁目,2018-09-11,00,一戸建住宅,キーなし,あり,自動二輪（50cc超）
窃盗,オートバイ盗,佐倉,佐倉駅前交番,122122,千葉県,佐倉市,山王１丁目,2018-08-24,05,一戸建住宅,キーなし,なし,自動二輪（50cc超）
窃盗,オートバイ盗,佐倉,佐倉駅前交番,122122,千葉県,佐倉市,山王２丁目,2018-09-18,17,駐車（輪）場,キーなし,なし,自動二輪（50cc超）
窃盗,オートバイ盗,佐倉,佐倉駅前交番,122122,千葉県,佐倉市,表町３丁目,2017-09-01,07,駐車（輪）場,キーなし,なし,なし
窃盗,オートバイ盗,佐倉,佐倉駅前交番,122122,千葉県,佐倉市,寺崎北４丁目,2018-04-07,21,駐車（輪）場,キーなし,あり,自動二輪（50cc超）
窃盗,オートバイ盗,佐倉,酒々井交番,123226,千葉県,酒々井町,上岩橋,2018-03-02,01,その他,キーなし,なし,原動機付自転車（50cc以下）
窃盗,オートバイ盗,佐倉,酒々井交番,123226,千葉県,酒々井町,上岩橋,2018-05-28,15,駐車（輪）場,キーなし,なし,自動二輪（50cc超）
窃盗,オートバイ盗,佐倉,酒々井交番,123226,千葉県,酒々井町,酒々井,2018-02-27,19,駐車（輪）場,キーなし,なし,自動二輪（50cc超）
窃盗,オートバイ盗,佐倉,酒々井交番,123226,千葉県,酒々井町,酒々井,2018-03-03,22,その他の住宅（３階建て以下共同住宅等）,キーなし,なし,原動機付自転車（50cc以下）
窃盗,オートバイ盗,佐倉,酒々井交番,123226,千葉県,酒々井町,酒々井,2018-07-17,13,道路上,キーなし,なし,原動機付自転車（50cc以下）
窃盗,オートバイ盗,佐倉,酒々井交番,123226,千葉県,酒々井町,中央台２丁目,2018-07-28,20,一戸建住宅,キーなし,なし,自動二輪（50cc超）
窃盗,オートバイ盗,佐倉,酒々井交番,123226,千葉県,酒々井町,中川,2018-09-29,08,その他の住宅（３階建て以下共同住宅等）,キーなし,なし,原動機付自転車（50cc以下）
窃盗,オートバイ盗,佐倉,酒々井交番,123226,千葉県,酒々井町,東酒々井５丁目,2018-10-07,18,一戸建住宅,キーなし,あり,自動二輪（50cc超）
窃盗,オートバイ盗,佐倉,酒々井交番,123226,千葉県,酒々井町,馬橋,2018-06-16,16,駐車（輪）場,キーなし,なし,原動機付自転車（50cc以下）
窃盗,オートバイ盗,佐倉,酒々井交番,123226,千葉県,酒々井町,ふじき野１丁目,2018-05-23,07,駐車（輪）場,キーなし,なし,自動二輪（50cc超）
窃盗,オートバイ盗,佐倉,酒々井交番,123226,千葉県,酒々井町,ふじき野１丁目,2018-09-26,21,一戸建住宅,キーなし,なし,自動二輪（50cc超）
窃盗,オートバイ盗,佐倉,酒々井交番,123226,千葉県,酒々井町,ふじき野３丁目,2018-09-06,22,一戸建住宅,キーなし,なし,自動二輪（50cc超）
窃盗,オートバイ盗,佐倉,京成志津駅前交番,122122,千葉県,佐倉市,井野,2018-06-15,20,駐車（輪）場,キーなし,なし,原動機付自転車（50cc以下）
窃盗,オートバイ盗,佐倉,京成志津駅前交番,122122,千葉県,佐倉市,井野,2018-07-01,11,その他,キーなし,なし,原動機付自転車（50cc以下）
窃盗,オートバイ盗,佐倉,京成志津駅前交番,122122,千葉県,佐倉市,井野,不明,不明,駐車（輪）場,キーなし,なし,自動二輪（50cc超）
窃盗,オートバイ盗,佐倉,京成志津駅前交番,122122,千葉県,佐倉市,井野町,2018-08-23,20,駐車（輪）場,キーなし,なし,自動二輪（50cc超）
窃盗,オートバイ盗,佐倉,京成志津駅前交番,122122,千葉県,佐倉市,西志津４丁目,2018-09-09,12,駐車（輪）場,キーなし,なし,原動機付自転車（50cc以下）
窃盗,オートバイ盗,佐倉,京成志津駅前交番,122122,千葉県,佐倉市,西志津７丁目,2018-04-21,17,一戸建住宅,キーなし,なし,原動機付自転車（50cc以下）
窃盗,オートバイ盗,佐倉,ユーカリが丘交番,122122,千葉県,佐倉市,井野,2018-05-30,16,一戸建住宅,キーなし,なし,自動二輪（50cc超）
窃盗,オートバイ盗,佐倉,ユーカリが丘交番,122122,千葉県,佐倉市,上座,2018-02-17,11,駐車（輪）場,キーなし,なし,原動機付自転車（50cc以下）
窃盗,オートバイ盗,佐倉,ユーカリが丘交番,122122,千葉県,佐倉市,上座,2018-02-27,17,一戸建住宅,キーなし,なし,自動二輪（50cc超）
窃盗,オートバイ盗,佐倉,ユーカリが丘交番,122122,千葉県,佐倉市,上座,2018-02-27,19,駐車（輪）場,キーなし,なし,自動二輪（50cc超）
窃盗,オートバイ盗,佐倉,ユーカリが丘交番,122122,千葉県,佐倉市,上座,2018-10-06,04,駐車（輪）場,キーなし,なし,原動機付自転車（50cc以下）
窃盗,オートバイ盗,佐倉,ユーカリが丘交番,122122,千葉県,佐倉市,上座,2018-10-25,14,その他の住宅（３階建て以下共同住宅等）,キーなし,なし,原動機付自転車（50cc以下）
窃盗,オートバイ盗,佐倉,ユーカリが丘交番,122122,千葉県,佐倉市,ユーカリが丘５丁目,2018-09-11,20,駐車（輪）場,キーなし,なし,なし
窃盗,オートバイ盗,佐倉,榎戸交番,122301,千葉県,八街市,榎戸,2018-08-22,07,駐車（輪）場,キーなし,なし,原動機付自転車（50cc以下）
窃盗,オートバイ盗,佐倉,榎戸交番,122301,千葉県,八街市,榎戸,2018-10-07,17,駐車（輪）場,キーなし,なし,自動二輪（50cc超）
窃盗,オートバイ盗,佐倉,榎戸交番,122301,千葉県,八街市,榎戸,2018-10-22,19,一戸建住宅,キーなし,なし,原動機付自転車（50cc以下）
窃盗,オートバイ盗,佐倉,榎戸交番,122301,千葉県,八街市,榎戸,2018-12-12,12,その他の住宅（３階建て以下共同住宅等）,キーなし,なし,原動機付自転車（50cc以下）
窃盗,オートバイ盗,佐倉,榎戸交番,122301,千葉県,八街市,文違,2018-04-06,20,一戸建住宅,キーなし,なし,原動機付自転車（50cc以下）
窃盗,オートバイ盗,佐倉,榎戸交番,122301,千葉県,八街市,文違,2018-11-01,12,一戸建住宅,キーなし,なし,自動二輪（50cc超）
窃盗,オートバイ盗,佐倉,榎戸交番,122301,千葉県,八街市,八街ろ,2018-05-16,22,一戸建住宅,キーなし,なし,原動機付自転車（50cc以下）
窃盗,オートバイ盗,佐倉,榎戸交番,122301,千葉県,八街市,八街ろ,2018-05-22,21,その他の住宅（３階建て以下共同住宅等）,キーなし,なし,原動機付自転車（50cc以下）
窃盗,オートバイ盗,佐倉,吉倉交番,122301,千葉県,八街市,八街へ,2017-12-10,17,駐車（輪）場,キーなし,なし,原動機付自転車（50cc以下）
窃盗,オートバイ盗,佐倉,吉倉交番,122301,千葉県,八街市,八街へ,2018-08-09,17,一戸建住宅,キーなし,なし,自動二輪（50cc超）
窃盗,オートバイ盗,佐倉,八街駅前交番,122301,千葉県,八街市,八街ほ,2018-10-16,07,駐車（輪）場,キーなし,なし,原動機付自転車（50cc以下）
窃盗,オートバイ盗,佐倉,八街駅前交番,122301,千葉県,八街市,八街ほ,2018-10-17,00,駐車（輪）場,キーなし,なし,原動機付自転車（50cc以下）
窃盗,オートバイ盗,佐倉,八街駅前交番,122301,千葉県,八街市,八街ほ,2018-10-30,07,駐車（輪）場,キーなし,なし,原動機付自転車（50cc以下）
窃盗,オートバイ盗,佐倉,和田駐在所,122122,千葉県,佐倉市,白銀４丁目,2018-01-10,22,一戸建住宅,キーなし,あり,自動二輪（50cc超）
窃盗,オートバイ盗,佐倉,和田駐在所,122122,千葉県,佐倉市,白銀４丁目,2018-01-11,20,駐車（輪）場,キーなし,なし,自動二輪（50cc超）
窃盗,オートバイ盗,佐倉,西林駐在所,122301,千葉県,八街市,八街い,2018-03-23,09,その他の住宅（３階建て以下共同住宅等）,キーなし,あり,自動二輪（50cc超）
窃盗,オートバイ盗,成田,栄交番,123293,千葉県,栄町,安食,不明,不明,駐車（輪）場,キーなし,なし,原動機付自転車（50cc以下）
窃盗,オートバイ盗,成田,栄交番,123293,千葉県,栄町,酒直台１丁目,不明,不明,一戸建住宅,キーなし,なし,自動二輪（50cc超）
窃盗,オートバイ盗,成田,七栄交番,122335,千葉県,富里市,七栄,2018-01-08,23,一戸建住宅,キーなし,あり,自動二輪（50cc超）
窃盗,オートバイ盗,成田,七栄交番,122335,千葉県,富里市,七栄,2018-02-19,21,一戸建住宅,キーなし,なし,自動二輪（50cc超）
窃盗,オートバイ盗,成田,七栄交番,122335,千葉県,富里市,七栄,2018-02-27,12,その他,キーなし,なし,自動二輪（50cc超）
窃盗,オートバイ盗,成田,七栄交番,122335,千葉県,富里市,七栄,2018-05-30,20,その他の住宅（３階建て以下共同住宅等）,キーなし,なし,自動二輪（50cc超）
窃盗,オートバイ盗,成田,七栄交番,122335,千葉県,富里市,七栄,2018-05-31,12,一戸建住宅,キーなし,なし,自動二輪（50cc超）
窃盗,オートバイ盗,成田,七栄交番,122335,千葉県,富里市,七栄,2018-07-23,19,一戸建住宅,キーなし,なし,自動二輪（50cc超）
窃盗,オートバイ盗,成田,七栄交番,122335,千葉県,富里市,七栄,2018-07-24,07,その他の住宅（３階建て以下共同住宅等）,キーなし,なし,自動二輪（50cc超）
窃盗,オートバイ盗,成田,七栄交番,122335,千葉県,富里市,七栄,2018-10-08,22,その他の住宅（３階建て以下共同住宅等）,キーなし,あり,自動二輪（50cc超）
窃盗,オートバイ盗,成田,七栄交番,122335,千葉県,富里市,七栄,2018-11-01,00,その他の住宅（３階建て以下共同住宅等）,キーなし,あり,自動二輪（50cc超）
窃盗,オートバイ盗,成田,成田駅前交番,122114,千葉県,成田市,田町,2018-05-14,09,その他の住宅（３階建て以下共同住宅等）,キーなし,なし,自動二輪（50cc超）
窃盗,オートバイ盗,成田,成田駅前交番,122114,千葉県,成田市,花崎町,2018-07-14,17,その他,キーなし,なし,原動機付自転車（50cc以下）
窃盗,オートバイ盗,成田,成田駅前交番,122114,千葉県,成田市,馬橋,2016-12-10,00,駐車（輪）場,キーなし,なし,原動機付自転車（50cc以下）
窃盗,オートバイ盗,成田,日吉台交番,122335,千葉県,富里市,日吉倉,2018-05-18,20,一戸建住宅,キーなし,なし,原動機付自転車（50cc以下）
窃盗,オートバイ盗,成田,日吉台交番,122335,千葉県,富里市,日吉倉,2018-07-20,19,一戸建住宅,キーなし,なし,原動機付自転車（50cc以下）
窃盗,オートバイ盗,成田,日吉台交番,122335,千葉県,富里市,日吉台１丁目,2018-04-08,08,その他の住宅（３階建て以下共同住宅等）,キーなし,なし,自動二輪（50cc超）
窃盗,オートバイ盗,成田,日吉台交番,122335,千葉県,富里市,日吉台２丁目,2018-06-05,09,駐車（輪）場,キーなし,なし,原動機付自転車（50cc以下）
窃盗,オートバイ盗,成田,三里塚交番,122114,千葉県,成田市,三里塚,2018-04-25,19,その他の住宅（３階建て以下共同住宅等）,キーなし,なし,原動機付自転車（50cc以下）
窃盗,オートバイ盗,成田,三里塚交番,122114,千葉県,成田市,本城,2018-12-27,18,その他の住宅（３階建て以下共同住宅等）,キーなし,あり,自動二輪（50cc超）
窃盗,オートバイ盗,成田,三里塚交番,122114,千葉県,成田市,西三里塚,2017-08-01,08,その他の住宅（３階建て以下共同住宅等）,キーなし,なし,原動機付自転車（50cc以下）
窃盗,オートバイ盗,成田,公津の杜交番,122114,千葉県,成田市,飯田町,2018-05-16,00,駐車（輪）場,キーなし,あり,自動二輪（50cc超）
窃盗,オートバイ盗,成田,公津の杜交番,122114,千葉県,成田市,飯仲,2018-10-15,11,その他の住宅（３階建て以下共同住宅等）,キーなし,あり,自動二輪（50cc超）
窃盗,オートバイ盗,成田,公津の杜交番,122114,千葉県,成田市,北須賀,2018-10-12,12,一戸建住宅,キーなし,なし,自動二輪（50cc超）
窃盗,オートバイ盗,成田,公津の杜交番,122114,千葉県,成田市,並木町,2018-01-08,20,その他の住宅（３階建て以下共同住宅等）,キーなし,なし,自動二輪（50cc超）
窃盗,オートバイ盗,成田,公津の杜交番,122114,千葉県,成田市,並木町,2018-04-05,11,その他の住宅（３階建て以下共同住宅等）,キーなし,あり,自動二輪（50cc超）
窃盗,オートバイ盗,成田,公津の杜交番,122114,千葉県,成田市,並木町,2018-04-17,06,その他の住宅（３階建て以下共同住宅等）,キーなし,なし,原動機付自転車（50cc以下）
窃盗,オートバイ盗,成田,公津の杜交番,122114,千葉県,成田市,並木町,2018-09-05,08,その他の住宅（３階建て以下共同住宅等）,キーなし,なし,自動二輪（50cc超）
窃盗,オートバイ盗,成田,公津の杜交番,122114,千葉県,成田市,並木町,2018-10-10,07,その他の住宅（３階建て以下共同住宅等）,キーなし,あり,自動二輪（50cc超）
窃盗,オートバイ盗,成田,公津の杜交番,122114,千葉県,成田市,並木町,2018-10-13,22,その他の住宅（３階建て以下共同住宅等）,キーなし,なし,自動二輪（50cc超）
窃盗,オートバイ盗,成田,公津の杜交番,122114,千葉県,成田市,公津の杜３丁目,2018-06-30,00,その他の住宅（３階建て以下共同住宅等）,キーなし,あり,自動二輪（50cc超）
窃盗,オートバイ盗,成田,公津の杜交番,122114,千葉県,成田市,公津の杜５丁目,2018-10-11,21,その他の住宅（３階建て以下共同住宅等）,キーなし,なし,自動二輪（50cc超）
窃盗,オートバイ盗,成田,公津の杜交番,122114,千葉県,成田市,公津の杜６丁目,2018-05-04,02,その他の住宅（３階建て以下共同住宅等）,キーなし,なし,自動二輪（50cc超）
窃盗,オートバイ盗,成田,公津の杜交番,122114,千葉県,成田市,公津の杜６丁目,2018-07-28,15,その他の住宅（３階建て以下共同住宅等）,キーなし,あり,自動二輪（50cc超）
窃盗,オートバイ盗,成田,実の口駐在所,122335,千葉県,富里市,御料,2018-08-21,19,その他の住宅（３階建て以下共同住宅等）,キーなし,なし,自動二輪（50cc超）
窃盗,オートバイ盗,成田,実の口駐在所,122335,千葉県,富里市,十倉,2016-04-04,16,一戸建住宅,キーなし,なし,自動二輪（50cc超）
窃盗,オートバイ盗,印西,白井駅前交番,122327,千葉県,白井市,根,2018-04-04,13,一戸建住宅,キーなし,なし,原動機付自転車（50cc以下）
窃盗,オートバイ盗,印西,白井駅前交番,122327,千葉県,白井市,南山３丁目,2018-11-04,08,駐車（輪）場,キーなし,なし,自動二輪（50cc超）
窃盗,オートバイ盗,印西,中央駅前交番,122319,千葉県,印西市,原山３丁目,2018-04-04,08,駐車（輪）場,キーなし,なし,自動二輪（50cc超）
窃盗,オートバイ盗,印西,中央駅前交番,122319,千葉県,印西市,中央北２丁目,2018-10-21,14,駐車（輪）場,キーなし,なし,原動機付自転車（50cc以下）
窃盗,オートバイ盗,印西,中央駅前交番,122319,千葉県,印西市,中央南１丁目,2018-09-20,08,駐車（輪）場,キーなし,なし,自動二輪（50cc超）
窃盗,オートバイ盗,印西,西白井駅前交番,122327,千葉県,白井市,けやき台２丁目,2018-07-14,21,駐車（輪）場,キーなし,なし,原動機付自転車（50cc以下）
窃盗,オートバイ盗,印西,西白井駅前交番,122327,千葉県,白井市,清水口２丁目,2018-08-16,23,駐車（輪）場,キーなし,なし,原動機付自転車（50cc以下）
窃盗,オートバイ盗,印西,西白井駅前交番,122327,千葉県,白井市,清水口２丁目,2018-11-16,14,駐車（輪）場,キーなし,なし,なし
窃盗,オートバイ盗,印西,西白井駅前交番,122327,千葉県,白井市,大松１丁目,2018-05-20,16,一戸建住宅,キーなし,なし,自動二輪（50cc超）
窃盗,オートバイ盗,印西,西白井駅前交番,122327,千葉県,白井市,根,2018-05-18,18,一戸建住宅,キーなし,なし,原動機付自転車（50cc以下）
窃盗,オートバイ盗,印西,西白井駅前交番,122327,千葉県,白井市,冨士,2018-05-12,20,一戸建住宅,キーなし,なし,原動機付自転車（50cc以下）
窃盗,オートバイ盗,印西,西白井駅前交番,122327,千葉県,白井市,谷田,2018-02-23,16,道路上,キーなし,なし,自動二輪（50cc超）
窃盗,オートバイ盗,印西,西白井駅前交番,122327,千葉県,白井市,西白井３丁目,2018-04-08,23,駐車（輪）場,キーなし,なし,自動二輪（50cc超）
窃盗,オートバイ盗,印西,西白井駅前交番,122327,千葉県,白井市,西白井３丁目,2018-04-12,18,駐車（輪）場,キーなし,なし,自動二輪（50cc超）
窃盗,オートバイ盗,印西,牧の原前交番,122319,千葉県,印西市,草深,2018-04-20,20,駐車（輪）場,キーなし,なし,自動二輪（50cc超）
窃盗,オートバイ盗,印西,牧の原前交番,122319,千葉県,印西市,草深,2018-08-29,20,駐車（輪）場,キーなし,あり,自動二輪（50cc超）
窃盗,オートバイ盗,印西,牧の原前交番,122319,千葉県,印西市,高花４丁目,不明,不明,４階建て以上共同住宅,キーなし,なし,原動機付自転車（50cc以下）
窃盗,オートバイ盗,印西,日本医大駅前駐在所,122319,千葉県,印西市,平賀,2018-08-15,12,その他の住宅（３階建て以下共同住宅等）,キーなし,なし,自動二輪（50cc超）
窃盗,オートバイ盗,印西,日本医大駅前駐在所,122319,千葉県,印西市,若萩３丁目,2018-10-23,10,一戸建住宅,キーなし,なし,自動二輪（50cc超）
窃盗,オートバイ盗,印西,布鎌駐在所,123293,千葉県,栄町,生板鍋子新田,2018-08-20,12,一戸建住宅,キーなし,なし,原動機付自転車（50cc以下）
窃盗,オートバイ盗,印西,冨士駐在所,122327,千葉県,白井市,冨士,2018-08-24,23,一戸建住宅,キーなし,なし,原動機付自転車（50cc以下）
窃盗,オートバイ盗,香取,神代駐在所,123498,千葉県,東庄町,高部,2018-04-16,18,一戸建住宅,キーなし,なし,原動機付自転車（50cc以下）
窃盗,オートバイ盗,銚子,銚子駅前交番,122025,千葉県,銚子市,三崎町３丁目,2018-01-15,12,その他の住宅（３階建て以下共同住宅等）,キーなし,なし,原動機付自転車（50cc以下）
窃盗,オートバイ盗,匝瑳,須賀駐在所,122351,千葉県,匝瑳市,高野,2018-03-27,18,その他の住宅（３階建て以下共同住宅等）,キーなし,あり,自動二輪（50cc超）
窃盗,オートバイ盗,山武,署所在地,122378,千葉県,山武市,津辺,2018-05-06,08,一戸建住宅,キーなし,あり,原動機付自転車（50cc以下）
窃盗,オートバイ盗,山武,芝山交番,124095,千葉県,芝山町,新井田,2018-10-16,08,駐車（輪）場,キーなし,なし,原動機付自転車（50cc以下）
窃盗,オートバイ盗,山武,沖渡駐在所,122378,千葉県,山武市,板中新田,2018-09-30,17,一戸建住宅,キーなし,なし,自動二輪（50cc超）
窃盗,オートバイ盗,山武,南郷駐在所,122378,千葉県,山武市,五木田,2017-11-03,14,一戸建住宅,キーなし,なし,原動機付自転車（50cc以下）
窃盗,オートバイ盗,東金,大網駅前交番,122394,千葉県,大網白里市,大網,2018-02-22,08,駐車（輪）場,キーなし,なし,自動二輪（50cc超）
窃盗,オートバイ盗,東金,大網駅前交番,122394,千葉県,大網白里市,仏島,2018-06-29,23,一戸建住宅,キーなし,なし,原動機付自転車（50cc以下）
窃盗,オートバイ盗,東金,大網駅前交番,122394,千葉県,大網白里市,みずほ台１丁目,2018-05-21,01,駐車（輪）場,キーなし,なし,原動機付自転車（50cc以下）
窃盗,オートバイ盗,東金,大網駅前交番,122394,千葉県,大網白里市,みずほ台１丁目,2018-09-24,21,一戸建住宅,キーなし,あり,自動二輪（50cc超）
窃盗,オートバイ盗,東金,東金駅前交番,122131,千葉県,東金市,極楽寺,2018-10-03,18,一戸建住宅,キーなし,なし,原動機付自転車（50cc以下）
窃盗,オートバイ盗,東金,白里駐在所,122394,千葉県,大網白里市,南今泉,2018-10-08,22,駐車（輪）場,キーなし,なし,原動機付自転車（50cc以下）
窃盗,オートバイ盗,東金,道庭駐在所,122131,千葉県,東金市,求名,2018-10-04,17,その他の住宅（３階建て以下共同住宅等）,キーなし,あり,原動機付自転車（50cc以下）
窃盗,オートバイ盗,東金,道庭駐在所,122131,千葉県,東金市,松之郷,2018-06-03,17,一戸建住宅,キーなし,なし,原動機付自転車（50cc以下）
窃盗,オートバイ盗,東金,真亀駐在所,124036,千葉県,九十九里町,西野,2018-05-11,04,駐車（輪）場,キーなし,なし,原動機付自転車（50cc以下）
窃盗,オートバイ盗,茂原,新茂原交番,122106,千葉県,茂原市,高師,2018-04-28,22,その他の住宅（３階建て以下共同住宅等）,キーなし,なし,原動機付自転車（50cc以下）
窃盗,オートバイ盗,茂原,新茂原交番,122106,千葉県,茂原市,本小轡,2017-11-25,08,一戸建住宅,キーなし,なし,原動機付自転車（50cc以下）
窃盗,オートバイ盗,茂原,茂原駅前交番,122106,千葉県,茂原市,早野,2018-11-22,08,駐車（輪）場,キーなし,なし,自動二輪（50cc超）
窃盗,オートバイ盗,茂原,茂原駅前交番,122106,千葉県,茂原市,茂原,2013-02-09,23,その他の住宅（３階建て以下共同住宅等）,キーなし,なし,原動機付自転車（50cc以下）
窃盗,オートバイ盗,勝浦,興津駐在所,122181,千葉県,勝浦市,興津,2018-05-05,17,駐車（輪）場,キーなし,なし,自動二輪（50cc超）
窃盗,オートバイ盗,市原,南総幹部交番,122190,千葉県,市原市,牛久,2018-01-10,10,道路上,キーなし,なし,自動二輪（50cc超）
窃盗,オートバイ盗,市原,姉崎交番,122190,千葉県,市原市,姉崎,2018-04-13,17,一戸建住宅,キーなし,なし,原動機付自転車（50cc以下）
窃盗,オートバイ盗,市原,五井駅前交番,122190,千葉県,市原市,五井,2018-02-09,06,その他の住宅（３階建て以下共同住宅等）,キーなし,なし,自動二輪（50cc超）
窃盗,オートバイ盗,市原,五井駅前交番,122190,千葉県,市原市,五井中央西１丁目,2018-05-12,23,その他の住宅（３階建て以下共同住宅等）,キーなし,なし,自動二輪（50cc超）
窃盗,オートバイ盗,市原,五井駅前交番,122190,千葉県,市原市,五井中央西１丁目,2018-05-13,17,その他の住宅（３階建て以下共同住宅等）,キーなし,なし,自動二輪（50cc超）
窃盗,オートバイ盗,市原,国分寺台交番,122190,千葉県,市原市,西広,2018-03-02,07,その他の住宅（３階建て以下共同住宅等）,キーなし,あり,自動二輪（50cc超）
窃盗,オートバイ盗,市原,国分寺台交番,122190,千葉県,市原市,東国分寺台２丁目,2018-04-16,15,その他の住宅（３階建て以下共同住宅等）,キーなし,なし,原動機付自転車（50cc以下）
窃盗,オートバイ盗,市原,辰巳台交番,122190,千葉県,市原市,辰巳台西１丁目,2018-07-01,23,４階建て以上共同住宅,キーなし,なし,原動機付自転車（50cc以下）
窃盗,オートバイ盗,市原,辰巳台交番,122190,千葉県,市原市,辰巳台西３丁目,2018-04-13,20,４階建て以上共同住宅,キーなし,なし,原動機付自転車（50cc以下）
窃盗,オートバイ盗,市原,辰巳台交番,122190,千葉県,市原市,辰巳台西３丁目,2018-10-23,18,４階建て以上共同住宅,キーなし,なし,原動機付自転車（50cc以下）
窃盗,オートバイ盗,市原,辰巳台交番,122190,千葉県,市原市,辰巳台西３丁目,2018-10-24,20,駐車（輪）場,キーなし,なし,自動二輪（50cc超）
窃盗,オートバイ盗,市原,辰巳台交番,122190,千葉県,市原市,辰巳台東１丁目,2018-10-18,08,駐車（輪）場,キーなし,なし,自動二輪（50cc超）
窃盗,オートバイ盗,市原,八幡宿駅前交番,122190,千葉県,市原市,八幡,2018-01-14,20,駐車（輪）場,キーなし,あり,自動二輪（50cc超）
窃盗,オートバイ盗,市原,八幡宿駅前交番,122190,千葉県,市原市,八幡,2018-08-24,19,道路上,キーなし,なし,自動二輪（50cc超）
窃盗,オートバイ盗,市原,光風台交番,122190,千葉県,市原市,馬立,2016-07-01,00,その他,キーなし,なし,原動機付自転車（50cc以下）
窃盗,オートバイ盗,市原,ちはら台駅前交番,122190,千葉県,市原市,ちはら台東２丁目,2018-02-17,09,一戸建住宅,キーなし,なし,原動機付自転車（50cc以下）
窃盗,オートバイ盗,市原,ちはら台駅前交番,122190,千葉県,市原市,ちはら台東９丁目,2018-03-08,19,一戸建住宅,キーなし,なし,自動二輪（50cc超）
窃盗,オートバイ盗,市原,ちはら台駅前交番,122190,千葉県,市原市,ちはら台南５丁目,2018-09-06,23,一戸建住宅,キーなし,なし,自動二輪（50cc超）
窃盗,オートバイ盗,市原,白金交番,122190,千葉県,市原市,白金町３丁目,2017-12-27,09,その他の住宅（３階建て以下共同住宅等）,キーなし,なし,原動機付自転車（50cc以下）
窃盗,オートバイ盗,市原,白金交番,122190,千葉県,市原市,西五所,2018-02-03,18,その他の住宅（３階建て以下共同住宅等）,キーなし,なし,原動機付自転車（50cc以下）
窃盗,オートバイ盗,市原,五井西交番,122190,千葉県,市原市,五井南海岸,2018-02-16,15,その他,キーなし,なし,自動二輪（50cc超）
窃盗,オートバイ盗,市原,潤井戸駐在所,122190,千葉県,市原市,うるいど南２丁目,2018-09-19,21,その他の住宅（３階建て以下共同住宅等）,キーなし,なし,自動二輪（50cc超）
窃盗,オートバイ盗,木更津,小浜交番,122068,千葉県,木更津市,畑沢南２丁目,2018-01-28,21,その他の住宅（３階建て以下共同住宅等）,キーなし,なし,原動機付自転車（50cc以下）
窃盗,オートバイ盗,木更津,小浜交番,122068,千葉県,木更津市,請西東６丁目,2018-09-25,02,駐車（輪）場,キーなし,なし,原動機付自転車（50cc以下）
窃盗,オートバイ盗,木更津,木更津駅前交番,122068,千葉県,木更津市,東中央３丁目,2018-05-06,22,４階建て以上共同住宅,キーなし,なし,原動機付自転車（50cc以下）
窃盗,オートバイ盗,木更津,清見台交番,122068,千葉県,木更津市,,不明,不明,駐車（輪）場,キーなし,なし,原動機付自転車（50cc以下）
窃盗,オートバイ盗,木更津,清見台交番,122068,千葉県,木更津市,祇園１丁目,2018-10-07,12,駐車（輪）場,キーなし,なし,自動二輪（50cc超）
窃盗,オートバイ盗,木更津,清見台交番,122068,千葉県,木更津市,日の出町,2018-01-31,20,道路上,キーなし,なし,原動機付自転車（50cc以下）
窃盗,オートバイ盗,木更津,長浦駅前交番,122297,千葉県,袖ケ浦市,蔵波,2018-09-05,17,駐車（輪）場,キーなし,なし,なし
窃盗,オートバイ盗,木更津,長浦駅前交番,122297,千葉県,袖ケ浦市,長浦駅前２丁目,2018-05-14,10,その他の住宅（３階建て以下共同住宅等）,キーなし,なし,自動二輪（50cc超）
窃盗,オートバイ盗,木更津,長浦駅前交番,122297,千葉県,袖ケ浦市,長浦駅前２丁目,2018-07-12,12,駐車（輪）場,キーなし,なし,自動二輪（50cc超）
窃盗,オートバイ盗,木更津,袖ヶ浦駅前交番,122297,千葉県,袖ケ浦市,坂戸市場,2018-09-05,22,駐車（輪）場,キーなし,なし,自動二輪（50cc超）
窃盗,オートバイ盗,木更津,袖ヶ浦駅前交番,122297,千葉県,袖ケ浦市,奈良輪,2018-05-14,18,その他の住宅（３階建て以下共同住宅等）,キーなし,なし,自動二輪（50cc超）
窃盗,オートバイ盗,君津,大和田交番,122254,千葉県,君津市,坂田,2018-08-25,08,その他,キーなし,なし,原動機付自転車（50cc以下）
窃盗,オートバイ盗,富津,青堀駅前交番,122262,千葉県,富津市,大堀,2018-08-01,07,道路上,キーなし,なし,原動機付自転車（50cc以下）
窃盗,オートバイ盗,富津,大佐和駐在所,122262,千葉県,富津市,千種新田,2018-10-22,07,駐車（輪）場,キーなし,なし,原動機付自転車（50cc以下）
窃盗,オートバイ盗,富津,大佐和駐在所,122262,千葉県,富津市,千種新田,2018-10-31,09,４階建て以上共同住宅,キーなし,あり,原動機付自転車（50cc以下）
窃盗,オートバイ盗,富津,大佐和駐在所,122262,千葉県,富津市,千種新田,2018-10-31,20,４階建て以上共同住宅,キーなし,なし,原動機付自転車（50cc以下）
窃盗,オートバイ盗,富津,大佐和駐在所,122262,千葉県,富津市,千種新田,2018-11-16,16,一戸建住宅,キーなし,なし,原動機付自転車（50cc以下）
窃盗,オートバイ盗,館山,城山交番,122050,千葉県,館山市,長須賀,2018-03-09,22,その他の住宅（３階建て以下共同住宅等）,キーなし,なし,原動機付自転車（50cc以下）
窃盗,オートバイ盗,千葉西,稲毛駅前交番,121037,千葉県,千葉市稲毛区,稲毛３丁目,2018-09-04,07,その他,キーなし,なし,原動機付自転車（50cc以下）
窃盗,オートバイ盗,千葉西,稲毛駅前交番,121037,千葉県,千葉市稲毛区,稲毛東３丁目,2018-03-07,04,駐車（輪）場,キーなし,なし,原動機付自転車（50cc以下）
窃盗,オートバイ盗,千葉西,稲毛駅前交番,121037,千葉県,千葉市稲毛区,稲毛東４丁目,2017-12-28,09,駐車（輪）場,キーなし,なし,原動機付自転車（50cc以下）
窃盗,オートバイ盗,千葉西,稲毛駅前交番,121037,千葉県,千葉市稲毛区,稲毛東４丁目,2018-02-19,09,駐車（輪）場,キーなし,あり,原動機付自転車（50cc以下）
窃盗,オートバイ盗,千葉西,稲毛駅前交番,121037,千葉県,千葉市稲毛区,稲毛東４丁目,2018-05-20,05,駐車（輪）場,キーなし,なし,原動機付自転車（50cc以下）
窃盗,オートバイ盗,千葉西,稲毛海岸駅前交番,121061,千葉県,千葉市美浜区,稲毛海岸３丁目,2018-10-12,17,４階建て以上共同住宅,キーなし,なし,自動二輪（50cc超）
窃盗,オートバイ盗,千葉西,稲毛海岸駅前交番,121061,千葉県,千葉市美浜区,稲毛海岸３丁目,2018-11-05,08,４階建て以上共同住宅,キーなし,あり,原動機付自転車（50cc以下）
窃盗,オートバイ盗,千葉西,稲毛海岸駅前交番,121061,千葉県,千葉市美浜区,高洲１丁目,2018-05-21,08,その他の住宅（３階建て以下共同住宅等）,キーなし,なし,原動機付自転車（50cc以下）
窃盗,オートバイ盗,千葉西,稲毛海岸駅前交番,121061,千葉県,千葉市美浜区,高洲２丁目,2018-11-04,09,４階建て以上共同住宅,キーなし,あり,原動機付自転車（50cc以下）
窃盗,オートバイ盗,千葉西,稲毛海岸駅前交番,121061,千葉県,千葉市美浜区,高洲３丁目,2018-03-22,20,４階建て以上共同住宅,キーなし,なし,原動機付自転車（50cc以下）
窃盗,オートバイ盗,千葉西,稲毛海岸駅前交番,121061,千葉県,千葉市美浜区,高洲３丁目,2018-07-02,07,４階建て以上共同住宅,キーなし,なし,原動機付自転車（50cc以下）
窃盗,オートバイ盗,千葉西,稲毛海岸駅前交番,121061,千葉県,千葉市美浜区,高洲３丁目,2018-11-08,17,４階建て以上共同住宅,キーなし,あり,原動機付自転車（50cc以下）
窃盗,オートバイ盗,千葉西,小中台交番,121029,千葉県,千葉市花見川区,西小中台,2018-04-30,14,４階建て以上共同住宅,キーなし,なし,原動機付自転車（50cc以下）
窃盗,オートバイ盗,千葉西,小中台交番,121029,千葉県,千葉市花見川区,西小中台,2018-05-17,18,４階建て以上共同住宅,キーなし,あり,原動機付自転車（50cc以下）
窃盗,オートバイ盗,千葉西,幸町交番,121061,千葉県,千葉市美浜区,幸町２丁目,2018-05-19,06,４階建て以上共同住宅,キーなし,あり,原動機付自転車（50cc以下）
窃盗,オートバイ盗,千葉西,新検見川駅前交番,121029,千葉県,千葉市花見川区,検見川町２丁目,2018-06-30,06,その他の住宅（３階建て以下共同住宅等）,キーなし,あり,自動二輪（50cc超）
窃盗,オートバイ盗,千葉西,新検見川駅前交番,121029,千葉県,千葉市花見川区,花園町,2018-03-25,18,その他の住宅（３階建て以下共同住宅等）,キーなし,あり,自動二輪（50cc超）
窃盗,オートバイ盗,千葉西,幕張交番,121029,千葉県,千葉市花見川区,幕張町３丁目,2018-03-25,10,その他の住宅（３階建て以下共同住宅等）,キーなし,なし,原動機付自転車（50cc以下）
窃盗,オートバイ盗,千葉西,幕張駅前交番,121029,千葉県,千葉市花見川区,幕張町３丁目,2018-05-31,10,その他の住宅（３階建て以下共同住宅等）,キーなし,あり,原動機付自転車（50cc以下）
窃盗,オートバイ盗,千葉西,幕張駅前交番,121029,千葉県,千葉市花見川区,幕張町５丁目,2018-12-05,15,その他の住宅（３階建て以下共同住宅等）,キーなし,あり,自動二輪（50cc超）
窃盗,オートバイ盗,千葉西,幕張メッセ交番,121061,千葉県,千葉市美浜区,豊砂,2018-12-15,14,その他,キーなし,なし,自動二輪（50cc超）
窃盗,オートバイ盗,千葉西,幕張メッセ交番,121061,千葉県,千葉市美浜区,中瀬１丁目,2018-04-17,13,道路上,キーなし,あり,自動二輪（50cc超）
窃盗,オートバイ盗,千葉西,幕張本郷駅前交番,121029,千葉県,千葉市花見川区,幕張本郷１丁目,2018-01-08,19,駐車（輪）場,キーなし,なし,原動機付自転車（50cc以下）
窃盗,オートバイ盗,千葉西,幕張本郷駅前交番,121029,千葉県,千葉市花見川区,幕張本郷１丁目,2018-04-11,07,駐車（輪）場,キーなし,あり,原動機付自転車（50cc以下）
窃盗,オートバイ盗,千葉西,幕張本郷駅前交番,121029,千葉県,千葉市花見川区,幕張本郷２丁目,2015-11-07,16,その他の住宅（３階建て以下共同住宅等）,キーなし,なし,自動二輪（50cc超）
窃盗,オートバイ盗,千葉西,幕張本郷駅前交番,121029,千葉県,千葉市花見川区,幕張本郷２丁目,2018-05-18,07,その他の住宅（３階建て以下共同住宅等）,キーなし,なし,原動機付自転車（50cc以下）
窃盗,オートバイ盗,千葉西,幕張本郷駅前交番,121029,千葉県,千葉市花見川区,幕張本郷５丁目,2018-02-01,13,その他の住宅（３階建て以下共同住宅等）,キーなし,あり,原動機付自転車（50cc以下）
窃盗,オートバイ盗,千葉西,幕張本郷駅前交番,121029,千葉県,千葉市花見川区,幕張本郷５丁目,2018-08-10,17,その他の住宅（３階建て以下共同住宅等）,キーなし,あり,自動二輪（50cc超）
窃盗,オートバイ盗,千葉西,幕張本郷駅前交番,121029,千葉県,千葉市花見川区,幕張本郷６丁目,2018-08-19,13,その他の住宅（３階建て以下共同住宅等）,キーなし,なし,原動機付自転車（50cc以下）
窃盗,オートバイ盗,千葉西,真砂交番,121061,千葉県,千葉市美浜区,真砂１丁目,2018-07-09,16,道路上,キーなし,なし,自動二輪（50cc超）
窃盗,オートバイ盗,千葉西,真砂交番,121061,千葉県,千葉市美浜区,真砂３丁目,2015-12-05,00,４階建て以上共同住宅,キーなし,あり,原動機付自転車（50cc以下）
窃盗,オートバイ盗,千葉西,高洲駐在所,121061,千葉県,千葉市美浜区,高洲２丁目,2017-11-01,00,４階建て以上共同住宅,キーなし,なし,原動機付自転車（50cc以下）
窃盗,オートバイ盗,八千代,大和田駅前交番,122211,千葉県,八千代市,大和田,2018-03-12,07,駐車（輪）場,キーなし,なし,自動二輪（50cc超）
窃盗,オートバイ盗,八千代,大和田駅前交番,122211,千葉県,八千代市,大和田,2018-06-26,21,一戸建住宅,キーなし,なし,原動機付自転車（50cc以下）
窃盗,オートバイ盗,八千代,大和田駅前交番,122211,千葉県,八千代市,村上,2018-01-24,18,その他の住宅（３階建て以下共同住宅等）,キーなし,なし,原動機付自転車（50cc以下）
窃盗,オートバイ盗,八千代,勝田台交番,122211,千葉県,八千代市,勝田台７丁目,2018-09-16,20,駐車（輪）場,キーなし,なし,自動二輪（50cc超）
窃盗,オートバイ盗,八千代,勝田台交番,122211,千葉県,八千代市,勝田台南１丁目,不明,不明,その他の住宅（３階建て以下共同住宅等）,キーなし,なし,原動機付自転車（50cc以下）
窃盗,オートバイ盗,八千代,高津交番,122211,千葉県,八千代市,大和田新田,2018-06-22,10,４階建て以上共同住宅,キーなし,なし,自動二輪（50cc超）
窃盗,オートバイ盗,八千代,高津交番,122211,千葉県,八千代市,大和田新田,2018-06-22,19,４階建て以上共同住宅,キーなし,なし,原動機付自転車（50cc以下）
窃盗,オートバイ盗,八千代,高津交番,122211,千葉県,八千代市,大和田新田,2018-06-29,08,駐車（輪）場,キーなし,あり,原動機付自転車（50cc以下）
窃盗,オートバイ盗,八千代,高津交番,122211,千葉県,八千代市,大和田新田,2018-07-02,23,一戸建住宅,キーなし,なし,自動二輪（50cc超）
窃盗,オートバイ盗,八千代,高津交番,122211,千葉県,八千代市,大和田新田,2018-09-12,20,駐車（輪）場,キーなし,なし,自動二輪（50cc超）
窃盗,オートバイ盗,八千代,高津交番,122211,千葉県,八千代市,高津,不明,不明,駐車（輪）場,キーなし,なし,原動機付自転車（50cc以下）
窃盗,オートバイ盗,八千代,高津交番,122211,千葉県,八千代市,高津,2018-06-10,20,４階建て以上共同住宅,キーなし,なし,自動二輪（50cc超）
窃盗,オートバイ盗,八千代,高津交番,122211,千葉県,八千代市,高津,2018-08-12,00,駐車（輪）場,キーなし,なし,自動二輪（50cc超）
窃盗,オートバイ盗,八千代,高津交番,122211,千葉県,八千代市,高津,2018-08-19,23,４階建て以上共同住宅,キーなし,なし,原動機付自転車（50cc以下）
窃盗,オートバイ盗,八千代,高津交番,122211,千葉県,八千代市,高津,2018-09-05,19,一戸建住宅,キーなし,なし,原動機付自転車（50cc以下）
窃盗,オートバイ盗,八千代,高津交番,122211,千葉県,八千代市,高津,2018-09-28,00,その他の住宅（３階建て以下共同住宅等）,キーなし,なし,自動二輪（50cc超）
窃盗,オートバイ盗,八千代,高津交番,122211,千葉県,八千代市,高津,2018-10-03,19,道路上,キーなし,なし,自動二輪（50cc超）
窃盗,オートバイ盗,八千代,八千代台駅前交番,122211,千葉県,八千代市,八千代台北１丁目,2018-05-21,20,道路上,キーなし,なし,自動二輪（50cc超）
窃盗,オートバイ盗,八千代,八千代台駅前交番,122211,千葉県,八千代市,八千代台西７丁目,2018-10-31,19,道路上,キーなし,なし,原動機付自転車（50cc以下）
窃盗,オートバイ盗,八千代,八千代台駅前交番,122211,千葉県,八千代市,八千代台西１０丁目,2018-08-19,00,道路上,キーなし,あり,自動二輪（50cc超）
窃盗,オートバイ盗,八千代,八千代台駅前交番,122211,千葉県,八千代市,八千代台西１０丁目,2018-10-03,20,一戸建住宅,キーなし,なし,自動二輪（50cc超）
窃盗,オートバイ盗,八千代,八千代台東交番,122211,千葉県,八千代市,八千代台東１丁目,2018-10-19,09,駐車（輪）場,キーなし,なし,原動機付自転車（50cc以下）
窃盗,オートバイ盗,八千代,八千代台東交番,122211,千葉県,八千代市,八千代台南１丁目,2018-05-31,12,道路上,キーなし,なし,原動機付自転車（50cc以下）
窃盗,オートバイ盗,八千代,米本交番,122211,千葉県,八千代市,米本,不明,不明,４階建て以上共同住宅,キーなし,なし,原動機付自転車（50cc以下）
窃盗,オートバイ盗,八千代,米本交番,122211,千葉県,八千代市,米本,2017-12-31,21,４階建て以上共同住宅,キーなし,あり,原動機付自転車（50cc以下）
窃盗,オートバイ盗,八千代,米本交番,122211,千葉県,八千代市,米本,2018-03-23,07,駐車（輪）場,キーなし,なし,原動機付自転車（50cc以下）
窃盗,オートバイ盗,八千代,米本交番,122211,千葉県,八千代市,米本,2018-10-03,20,駐車（輪）場,キーなし,なし,原動機付自転車（50cc以下）
窃盗,オートバイ盗,八千代,八千代緑が丘駅前交番,122211,千葉県,八千代市,大和田新田,不明,不明,４階建て以上共同住宅,キーなし,なし,原動機付自転車（50cc以下）
窃盗,オートバイ盗,八千代,八千代緑が丘駅前交番,122211,千葉県,八千代市,大和田新田,2018-01-29,19,その他の住宅（３階建て以下共同住宅等）,キーなし,なし,自動二輪（50cc超）
窃盗,オートバイ盗,八千代,八千代緑が丘駅前交番,122211,千葉県,八千代市,大和田新田,2018-03-30,07,駐車（輪）場,キーなし,なし,原動機付自転車（50cc以下）
窃盗,オートバイ盗,八千代,八千代緑が丘駅前交番,122211,千葉県,八千代市,,2018-04-20,18,駐車（輪）場,キーなし,なし,原動機付自転車（50cc以下）
窃盗,オートバイ盗,八千代,八千代緑が丘駅前交番,122211,千葉県,八千代市,,2018-08-14,19,駐車（輪）場,キーなし,なし,原動機付自転車（50cc以下）
窃盗,オートバイ盗,八千代,八千代緑が丘駅前交番,122211,千葉県,八千代市,,2018-11-27,20,その他の住宅（３階建て以下共同住宅等）,キーなし,なし,原動機付自転車（50cc以下）
窃盗,オートバイ盗,八千代,八千代緑が丘駅前交番,122211,千葉県,八千代市,緑が丘２丁目,2018-02-17,18,駐車（輪）場,キーなし,なし,自動二輪（50cc超）
窃盗,オートバイ盗,八千代,村上駅前交番,122211,千葉県,八千代市,村上,2018-03-17,20,駐車（輪）場,キーなし,なし,自動二輪（50cc超）
窃盗,オートバイ盗,八千代,村上駅前交番,122211,千葉県,八千代市,村上,2018-04-08,13,駐車（輪）場,キーなし,なし,なし
窃盗,オートバイ盗,八千代,村上駅前交番,122211,千葉県,八千代市,村上,2018-08-09,21,駐車（輪）場,キーなし,なし,自動二輪（50cc超）
窃盗,オートバイ盗,八千代,村上駅前交番,122211,千葉県,八千代市,下市場２丁目,2018-04-02,00,駐車（輪）場,キーなし,あり,自動二輪（50cc超）
窃盗,オートバイ盗,八千代,村上駅前交番,122211,千葉県,八千代市,下市場２丁目,2018-11-07,06,その他の住宅（３階建て以下共同住宅等）,キーなし,なし,原動機付自転車（50cc以下）
窃盗,オートバイ盗,八千代,村上駅前交番,122211,千葉県,八千代市,勝田台北３丁目,2018-03-12,11,駐車（輪）場,キーなし,なし,原動機付自転車（50cc以下）
窃盗,オートバイ盗,八千代,睦駐在所,122211,千葉県,八千代市,島田台,2018-12-26,18,その他の住宅（３階建て以下共同住宅等）,キーなし,なし,自動二輪（50cc超）
窃盗,オートバイ盗,船橋東,大穴交番,122041,千葉県,船橋市,三咲３丁目,2018-12-22,23,駐車（輪）場,キーなし,なし,自動二輪（50cc超）
窃盗,オートバイ盗,船橋東,大穴交番,122041,千葉県,船橋市,三咲５丁目,2018-02-11,10,その他,キーなし,なし,原動機付自転車（50cc以下）
窃盗,オートバイ盗,船橋東,大穴交番,122041,千葉県,船橋市,大穴北３丁目,2018-09-15,06,駐車（輪）場,キーなし,なし,原動機付自転車（50cc以下）
窃盗,オートバイ盗,船橋東,大穴交番,122041,千葉県,船橋市,大穴北４丁目,2018-09-05,20,一戸建住宅,キーなし,なし,自動二輪（50cc超）
窃盗,オートバイ盗,船橋東,小室駅前交番,122041,千葉県,船橋市,小室町,2018-10-23,08,駐車（輪）場,キーなし,なし,原動機付自転車（50cc以下）
窃盗,オートバイ盗,船橋東,小室駅前交番,122041,千葉県,船橋市,小室町,2018-11-29,09,駐車（輪）場,キーなし,なし,自動二輪（50cc超）
窃盗,オートバイ盗,船橋東,芝山交番,122041,千葉県,船橋市,芝山２丁目,2018-09-02,21,駐車（輪）場,キーなし,なし,自動二輪（50cc超）
窃盗,オートバイ盗,船橋東,芝山交番,122041,千葉県,船橋市,芝山７丁目,2018-06-21,10,一戸建住宅,キーなし,なし,自動二輪（50cc超）
窃盗,オートバイ盗,船橋東,芝山交番,122041,千葉県,船橋市,二宮１丁目,2018-08-27,16,一戸建住宅,キーなし,なし,原動機付自転車（50cc以下）
窃盗,オートバイ盗,船橋東,芝山交番,122041,千葉県,船橋市,二宮１丁目,2018-11-28,09,一戸建住宅,キーなし,なし,自動二輪（50cc超）
窃盗,オートバイ盗,船橋東,芝山交番,122041,千葉県,船橋市,飯山満町３丁目,2018-07-07,17,一戸建住宅,キーなし,なし,自動二輪（50cc超）
窃盗,オートバイ盗,船橋東,高根台交番,122041,千葉県,船橋市,,2018-03-30,17,道路上,キーなし,なし,原動機付自転車（50cc以下）
窃盗,オートバイ盗,船橋東,高根台交番,122041,千葉県,船橋市,高根台３丁目,2018-07-13,18,４階建て以上共同住宅,キーなし,なし,原動機付自転車（50cc以下）
窃盗,オートバイ盗,船橋東,高根台交番,122041,千葉県,船橋市,高根台５丁目,2018-05-27,18,４階建て以上共同住宅,キーなし,なし,原動機付自転車（50cc以下）
窃盗,オートバイ盗,船橋東,高根台交番,122041,千葉県,船橋市,高根台５丁目,2018-10-13,11,その他,キーなし,なし,原動機付自転車（50cc以下）
窃盗,オートバイ盗,船橋東,高根台交番,122041,千葉県,船橋市,高根台７丁目,2018-03-04,19,その他の住宅（３階建て以下共同住宅等）,キーなし,なし,原動機付自転車（50cc以下）
窃盗,オートバイ盗,船橋東,高根台交番,122041,千葉県,船橋市,松が丘２丁目,2018-09-04,21,駐車（輪）場,キーなし,あり,自動二輪（50cc超）
窃盗,オートバイ盗,船橋東,高根台交番,122041,千葉県,船橋市,松が丘２丁目,2018-09-21,22,駐車（輪）場,キーなし,なし,原動機付自転車（50cc以下）
窃盗,オートバイ盗,船橋東,習志野台交番,122041,千葉県,船橋市,習志野台１丁目,2018-03-05,11,駐車（輪）場,キーなし,なし,原動機付自転車（50cc以下）
窃盗,オートバイ盗,船橋東,習志野台交番,122041,千葉県,船橋市,習志野台３丁目,2018-05-12,23,駐車（輪）場,キーなし,なし,原動機付自転車（50cc以下）
窃盗,オートバイ盗,船橋東,習志野台交番,122041,千葉県,船橋市,習志野台５丁目,2018-07-11,20,その他の住宅（３階建て以下共同住宅等）,キーなし,なし,原動機付自転車（50cc以下）
窃盗,オートバイ盗,船橋東,習志野台交番,122041,千葉県,船橋市,西習志野２丁目,2018-07-04,17,駐車（輪）場,キーなし,なし,自動二輪（50cc超）
窃盗,オートバイ盗,船橋東,二和交番,122041,千葉県,船橋市,咲が丘１丁目,2011-04-09,不明,その他の住宅（３階建て以下共同住宅等）,キーなし,あり,自動二輪（50cc超）
窃盗,オートバイ盗,船橋東,二和交番,122041,千葉県,船橋市,咲が丘３丁目,2018-01-13,05,駐車（輪）場,キーなし,なし,原動機付自転車（50cc以下）
窃盗,オートバイ盗,船橋東,前原交番,122041,千葉県,船橋市,前原西２丁目,2018-08-19,19,４階建て以上共同住宅,キーなし,なし,原動機付自転車（50cc以下）
窃盗,オートバイ盗,船橋東,前原交番,122041,千葉県,船橋市,中野木１丁目,2018-02-12,17,駐車（輪）場,キーなし,なし,その他
窃盗,オートバイ盗,船橋東,前原交番,122041,千葉県,船橋市,中野木１丁目,2018-05-26,16,その他,キーなし,なし,自動二輪（50cc超）
窃盗,オートバイ盗,船橋東,三山交番,122041,千葉県,船橋市,三山２丁目,2018-08-18,07,その他の住宅（３階建て以下共同住宅等）,キーなし,なし,原動機付自転車（50cc以下）
窃盗,オートバイ盗,船橋東,三山交番,122041,千葉県,船橋市,三山６丁目,2018-10-25,21,一戸建住宅,キーなし,なし,原動機付自転車（50cc以下）
窃盗,オートバイ盗,船橋東,薬円台交番,122041,千葉県,船橋市,田喜野井２丁目,2018-05-27,12,一戸建住宅,キーなし,なし,自動二輪（50cc超）
窃盗,オートバイ盗,船橋東,薬円台交番,122041,千葉県,船橋市,習志野１丁目,2017-10-28,22,その他の住宅（３階建て以下共同住宅等）,キーなし,なし,自動二輪（50cc超）
窃盗,オートバイ盗,船橋東,薬円台交番,122041,千葉県,船橋市,二宮２丁目,2018-08-29,18,駐車（輪）場,キーなし,あり,原動機付自転車（50cc以下）
窃盗,オートバイ盗,船橋東,薬円台交番,122041,千葉県,船橋市,薬円台３丁目,2018-01-28,15,その他の住宅（３階建て以下共同住宅等）,キーなし,なし,原動機付自転車（50cc以下）
窃盗,オートバイ盗,船橋東,薬円台交番,122041,千葉県,船橋市,滝台１丁目,2018-09-17,20,その他の住宅（３階建て以下共同住宅等）,キーなし,なし,自動二輪（50cc超）
窃盗,オートバイ盗,船橋東,古和釜駐在所,122041,千葉県,船橋市,古和釜町,2018-10-07,06,一戸建住宅,キーなし,なし,原動機付自転車（50cc以下）
窃盗,オートバイ盗,我孫子,我孫子駅前交番,122220,千葉県,我孫子市,泉,2018-02-02,20,一戸建住宅,キーなし,なし,原動機付自転車（50cc以下）
窃盗,オートバイ盗,我孫子,我孫子駅前交番,122220,千葉県,我孫子市,栄,2018-12-07,18,一戸建住宅,キーなし,なし,自動二輪（50cc超）
窃盗,オートバイ盗,我孫子,我孫子駅前交番,122220,千葉県,我孫子市,台田２丁目,2018-02-04,13,駐車（輪）場,キーなし,あり,原動機付自転車（50cc以下）
窃盗,オートバイ盗,我孫子,我孫子駅前交番,122220,千葉県,我孫子市,並木５丁目,2018-01-21,01,その他,キーなし,なし,原動機付自転車（50cc以下）
窃盗,オートバイ盗,我孫子,湖北台交番,122220,千葉県,我孫子市,湖北台４丁目,2018-08-15,21,駐車（輪）場,キーなし,なし,原動機付自転車（50cc以下）
窃盗,オートバイ盗,我孫子,湖北台交番,122220,千葉県,我孫子市,中峠,2018-06-01,19,駐車（輪）場,キーなし,なし,原動機付自転車（50cc以下）
窃盗,オートバイ盗,我孫子,つくし野交番,122220,千葉県,我孫子市,久寺家,2018-10-03,11,一戸建住宅,キーなし,なし,自動二輪（50cc超）
窃盗,オートバイ盗,我孫子,天王台交番,122220,千葉県,我孫子市,天王台１丁目,2018-02-05,09,駐車（輪）場,キーなし,なし,原動機付自転車（50cc以下）
窃盗,オートバイ盗,我孫子,天王台交番,122220,千葉県,我孫子市,南青山,2018-05-28,19,一戸建住宅,キーなし,なし,原動機付自転車（50cc以下）
窃盗,オートバイ盗,我孫子,布佐駅前交番,122220,千葉県,我孫子市,江蔵地,2018-11-07,17,道路上,キーなし,なし,原動機付自転車（50cc以下）
窃盗,オートバイ盗,我孫子,新木駅前交番,122220,千葉県,我孫子市,南新木３丁目,2018-03-24,20,駐車（輪）場,キーなし,なし,自動二輪（50cc超）
窃盗,オートバイ盗,松戸東,小金交番,122076,千葉県,松戸市,大金平５丁目,2018-05-10,20,一戸建住宅,キーなし,なし,自動二輪（50cc超）
窃盗,オートバイ盗,松戸東,小金交番,122076,千葉県,松戸市,幸田２丁目,2018-07-18,18,駐車（輪）場,キーなし,なし,自動二輪（50cc超）
窃盗,オートバイ盗,松戸東,小金交番,122076,千葉県,松戸市,小金,2018-06-01,22,その他の住宅（３階建て以下共同住宅等）,キーなし,なし,自動二輪（50cc超）
窃盗,オートバイ盗,松戸東,小金交番,122076,千葉県,松戸市,小金清志町２丁目,2018-06-01,19,一戸建住宅,キーなし,なし,自動二輪（50cc超）
窃盗,オートバイ盗,松戸東,小金交番,122076,千葉県,松戸市,小金原６丁目,2018-04-30,23,駐車（輪）場,キーなし,あり,自動二輪（50cc超）
窃盗,オートバイ盗,松戸東,小金交番,122076,千葉県,松戸市,中金杉１丁目,2018-12-01,15,道路上,キーなし,なし,原動機付自転車（50cc以下）
窃盗,オートバイ盗,松戸東,小金交番,122076,千葉県,松戸市,中金杉５丁目,2018-05-01,22,その他,キーなし,なし,自動二輪（50cc超）
窃盗,オートバイ盗,松戸東,小金原交番,122076,千葉県,松戸市,金ケ作,2018-04-24,00,４階建て以上共同住宅,キーなし,なし,原動機付自転車（50cc以下）
窃盗,オートバイ盗,松戸東,小金原交番,122076,千葉県,松戸市,久保平賀,2018-05-21,21,その他の住宅（３階建て以下共同住宅等）,キーなし,なし,自動二輪（50cc超）
窃盗,オートバイ盗,松戸東,小金原交番,122076,千葉県,松戸市,小金原２丁目,2018-05-05,21,一戸建住宅,キーなし,なし,原動機付自転車（50cc以下）
窃盗,オートバイ盗,松戸東,小金原交番,122076,千葉県,松戸市,小金原２丁目,2018-05-12,00,４階建て以上共同住宅,キーなし,なし,原動機付自転車（50cc以下）
窃盗,オートバイ盗,松戸東,小金原交番,122076,千葉県,松戸市,小金原３丁目,2018-01-15,18,一戸建住宅,キーなし,あり,自動二輪（50cc超）
窃盗,オートバイ盗,松戸東,小金原交番,122076,千葉県,松戸市,小金原３丁目,2018-03-30,15,４階建て以上共同住宅,キーなし,なし,原動機付自転車（50cc以下）
窃盗,オートバイ盗,松戸東,小金原交番,122076,千葉県,松戸市,小金原３丁目,2018-06-12,21,その他の住宅（３階建て以下共同住宅等）,キーなし,なし,原動機付自転車（50cc以下）
窃盗,オートバイ盗,松戸東,小金原交番,122076,千葉県,松戸市,小金原３丁目,2018-06-16,17,駐車（輪）場,キーなし,あり,自動二輪（50cc超）
窃盗,オートバイ盗,松戸東,小金原交番,122076,千葉県,松戸市,小金原３丁目,2018-06-24,16,駐車（輪）場,キーなし,なし,自動二輪（50cc超）
窃盗,オートバイ盗,松戸東,小金原交番,122076,千葉県,松戸市,小金原３丁目,2018-08-07,18,一戸建住宅,キーなし,なし,原動機付自転車（50cc以下）
窃盗,オートバイ盗,松戸東,小金原交番,122076,千葉県,松戸市,小金原３丁目,2018-11-10,07,４階建て以上共同住宅,キーなし,なし,原動機付自転車（50cc以下）
窃盗,オートバイ盗,松戸東,小金原交番,122076,千葉県,松戸市,小金原４丁目,2018-04-03,22,駐車（輪）場,キーなし,なし,原動機付自転車（50cc以下）
窃盗,オートバイ盗,松戸東,小金原交番,122076,千葉県,松戸市,小金原４丁目,2018-06-13,19,その他の住宅（３階建て以下共同住宅等）,キーなし,あり,自動二輪（50cc超）
窃盗,オートバイ盗,松戸東,小金原交番,122076,千葉県,松戸市,小金原４丁目,2018-06-27,20,その他の住宅（３階建て以下共同住宅等）,キーなし,あり,自動二輪（50cc超）
窃盗,オートバイ盗,松戸東,小金原交番,122076,千葉県,松戸市,小金原４丁目,2018-10-23,22,駐車（輪）場,キーなし,なし,原動機付自転車（50cc以下）
窃盗,オートバイ盗,松戸東,小金原交番,122076,千葉県,松戸市,小金原６丁目,2018-05-10,19,４階建て以上共同住宅,キーなし,なし,自動二輪（50cc超）
窃盗,オートバイ盗,松戸東,小金原交番,122076,千葉県,松戸市,小金原６丁目,2018-07-26,17,４階建て以上共同住宅,キーなし,なし,原動機付自転車（50cc以下）
窃盗,オートバイ盗,松戸東,小金原交番,122076,千葉県,松戸市,小金原７丁目,不明,不明,４階建て以上共同住宅,キーなし,なし,原動機付自転車（50cc以下）
窃盗,オートバイ盗,松戸東,小金原交番,122076,千葉県,松戸市,小金原７丁目,2018-05-20,12,一戸建住宅,キーなし,なし,原動機付自転車（50cc以下）
窃盗,オートバイ盗,松戸東,小金原交番,122076,千葉県,松戸市,小金原９丁目,2018-10-19,18,駐車（輪）場,キーなし,なし,自動二輪（50cc超）
窃盗,オートバイ盗,松戸東,小金原交番,122076,千葉県,松戸市,小金原９丁目,2018-11-19,19,その他の住宅（３階建て以下共同住宅等）,キーなし,なし,自動二輪（50cc超）
窃盗,オートバイ盗,松戸東,小金原交番,122076,千葉県,松戸市,根木内,2018-05-03,20,その他の住宅（３階建て以下共同住宅等）,キーなし,なし,原動機付自転車（50cc以下）
窃盗,オートバイ盗,松戸東,五香交番,122076,千葉県,松戸市,金ケ作,2018-12-21,20,一戸建住宅,キーなし,あり,自動二輪（50cc超）
窃盗,オートバイ盗,松戸東,常盤平交番,122076,千葉県,松戸市,金ケ作,2018-06-20,19,一戸建住宅,キーなし,あり,原動機付自転車（50cc以下）
窃盗,オートバイ盗,松戸東,常盤平交番,122076,千葉県,松戸市,常盤平２丁目,2017-12-31,13,４階建て以上共同住宅,キーなし,なし,原動機付自転車（50cc以下）
窃盗,オートバイ盗,松戸東,常盤平交番,122076,千葉県,松戸市,常盤平２丁目,2018-07-24,18,４階建て以上共同住宅,キーなし,なし,原動機付自転車（50cc以下）
窃盗,オートバイ盗,松戸東,常盤平交番,122076,千葉県,松戸市,常盤平３丁目,不明,不明,４階建て以上共同住宅,キーなし,なし,自動二輪（50cc超）
窃盗,オートバイ盗,松戸東,常盤平交番,122076,千葉県,松戸市,常盤平４丁目,2018-01-24,15,４階建て以上共同住宅,キーなし,なし,自動二輪（50cc超）
窃盗,オートバイ盗,松戸東,常盤平交番,122076,千葉県,松戸市,常盤平４丁目,2018-06-30,17,４階建て以上共同住宅,キーなし,なし,自動二輪（50cc超）
窃盗,オートバイ盗,松戸東,馬橋交番,122076,千葉県,松戸市,八ケ崎５丁目,2016-05-10,22,道路上,キーなし,なし,原動機付自転車（50cc以下）
窃盗,オートバイ盗,松戸東,馬橋交番,122076,千葉県,松戸市,八ケ崎６丁目,2018-02-25,10,一戸建住宅,キーなし,なし,自動二輪（50cc超）
窃盗,オートバイ盗,松戸東,馬橋交番,122076,千葉県,松戸市,二ツ木,2018-04-29,16,一戸建住宅,キーなし,なし,自動二輪（50cc超）
窃盗,オートバイ盗,松戸東,馬橋交番,122076,千葉県,松戸市,二ツ木,2018-04-29,17,一戸建住宅,キーなし,なし,自動二輪（50cc超）
窃盗,オートバイ盗,松戸東,六実交番,122076,千葉県,松戸市,六高台２丁目,2018-07-19,06,駐車（輪）場,キーなし,なし,原動機付自転車（50cc以下）
窃盗,オートバイ盗,松戸東,六実交番,122076,千葉県,松戸市,六高台２丁目,2018-09-17,22,その他の住宅（３階建て以下共同住宅等）,キーなし,なし,原動機付自転車（50cc以下）
窃盗,オートバイ盗,松戸東,六実交番,122076,千葉県,松戸市,六高台２丁目,2018-10-08,11,一戸建住宅,キーなし,あり,原動機付自転車（50cc以下）
窃盗,オートバイ盗,松戸東,六実交番,122076,千葉県,松戸市,六高台３丁目,2018-09-25,18,駐車（輪）場,キーなし,なし,原動機付自転車（50cc以下）
窃盗,オートバイ盗,松戸東,六実交番,122076,千葉県,松戸市,六実５丁目,2017-09-15,16,駐車（輪）場,キーなし,なし,原動機付自転車（50cc以下）
窃盗,オートバイ盗,松戸東,六実交番,122076,千葉県,松戸市,六実５丁目,2018-06-20,01,道路上,キーなし,なし,原動機付自転車（50cc以下）
窃盗,オートバイ盗,松戸東,六実交番,122076,千葉県,松戸市,六実６丁目,2018-05-11,21,４階建て以上共同住宅,キーなし,あり,自動二輪（50cc超）
窃盗,オートバイ盗,松戸東,六実交番,122076,千葉県,松戸市,六実６丁目,2018-08-22,10,その他の住宅（３階建て以下共同住宅等）,キーなし,なし,原動機付自転車（50cc以下）
窃盗,オートバイ盗,流山,運河交番,122203,千葉県,流山市,大字東深井,2018-07-22,03,一戸建住宅,キーなし,なし,自動二輪（50cc超）
窃盗,オートバイ盗,流山,流山中央交番,122203,千葉県,流山市,流山９丁目,2018-08-31,16,駐車（輪）場,キーなし,なし,原動機付自転車（50cc以下）
窃盗,オートバイ盗,流山,流山中央交番,122203,千葉県,流山市,加１丁目,2018-08-21,06,駐車（輪）場,キーなし,なし,原動機付自転車（50cc以下）
窃盗,オートバイ盗,流山,流山中央交番,122203,千葉県,流山市,加１丁目,2018-11-07,08,一戸建住宅,キーなし,なし,原動機付自転車（50cc以下）
窃盗,オートバイ盗,流山,流山中央交番,122203,千葉県,流山市,三輪野山１丁目,2014-05-20,00,駐車（輪）場,キーなし,なし,原動機付自転車（50cc以下）
窃盗,オートバイ盗,流山,流山中央交番,122203,千葉県,流山市,三輪野山１丁目,2018-08-20,21,一戸建住宅,キーなし,なし,原動機付自転車（50cc以下）
窃盗,オートバイ盗,流山,初石交番,122203,千葉県,流山市,青田,2018-11-03,06,駐車（輪）場,キーなし,なし,自動二輪（50cc超）
窃盗,オートバイ盗,流山,初石交番,122203,千葉県,流山市,野々下６丁目,2018-04-15,00,その他の住宅（３階建て以下共同住宅等）,キーなし,なし,原動機付自転車（50cc以下）
窃盗,オートバイ盗,流山,初石交番,122203,千葉県,流山市,東初石３丁目,2018-09-01,00,駐車（輪）場,キーなし,なし,原動機付自転車（50cc以下）
窃盗,オートバイ盗,流山,南流山駅前交番,122203,千葉県,流山市,南流山２丁目,2018-07-26,17,駐車（輪）場,キーなし,なし,原動機付自転車（50cc以下）
窃盗,オートバイ盗,流山,南流山駅前交番,122203,千葉県,流山市,南流山７丁目,2018-09-26,07,その他の住宅（３階建て以下共同住宅等）,キーなし,なし,自動二輪（50cc超）
窃盗,オートバイ盗,流山,南流山駅前交番,122203,千葉県,流山市,南流山７丁目,2018-09-26,07,その他の住宅（３階建て以下共同住宅等）,キーなし,なし,自動二輪（50cc超）
窃盗,オートバイ盗,流山,南流山駅前交番,122203,千葉県,流山市,南流山８丁目,2018-05-08,22,駐車（輪）場,キーなし,なし,自動二輪（50cc超）
窃盗,オートバイ盗,流山,南流山駅前交番,122203,千葉県,流山市,南流山８丁目,2018-08-28,19,一戸建住宅,キーなし,なし,自動二輪（50cc超）
窃盗,オートバイ盗,流山,南流山駅前交番,122203,千葉県,流山市,鰭ケ崎,2017-03-02,18,駐車（輪）場,キーなし,なし,原動機付自転車（50cc以下）
窃盗,オートバイ盗,流山,流山おおたかの森駅前交番,122203,千葉県,流山市,市野谷,2018-05-02,11,駐車（輪）場,キーなし,なし,原動機付自転車（50cc以下）
窃盗,オートバイ盗,流山,流山おおたかの森駅前交番,122203,千葉県,流山市,西初石６丁目,2018-07-14,17,駐車（輪）場,キーなし,なし,なし
窃盗,オートバイ盗,流山,流山おおたかの森駅前交番,122203,千葉県,流山市,野々下５丁目,2018-05-04,01,一戸建住宅,キーなし,なし,原動機付自転車（50cc以下）
窃盗,オートバイ盗,流山,流山セントラルパーク駅前駐在所,122203,千葉県,流山市,後平井,2018-11-20,21,駐車（輪）場,キーなし,なし,自動二輪（50cc超）
窃盗,オートバイ盗,流山,流山セントラルパーク駅前駐在所,122203,千葉県,流山市,前平井,2018-01-20,13,その他の住宅（３階建て以下共同住宅等）,キーなし,なし,自動二輪（50cc超）
窃盗,オートバイ盗,千葉東,小倉交番,121045,千葉県,千葉市若葉区,小倉台３丁目,2018-05-10,18,駐車（輪）場,キーなし,なし,自動二輪（50cc超）
窃盗,オートバイ盗,千葉東,小倉交番,121045,千葉県,千葉市若葉区,小倉台４丁目,2018-03-21,21,駐車（輪）場,キーなし,なし,原動機付自転車（50cc以下）
窃盗,オートバイ盗,千葉東,小倉交番,121045,千葉県,千葉市若葉区,小倉台６丁目,2018-07-18,19,駐車（輪）場,キーなし,あり,自動二輪（50cc超）
窃盗,オートバイ盗,千葉東,桜木交番,121045,千葉県,千葉市若葉区,みつわ台２丁目,2018-01-21,19,駐車（輪）場,キーなし,なし,原動機付自転車（50cc以下）
窃盗,オートバイ盗,千葉東,桜木交番,121045,千葉県,千葉市若葉区,桜木２丁目,2018-08-10,20,４階建て以上共同住宅,キーなし,なし,原動機付自転車（50cc以下）
窃盗,オートバイ盗,千葉東,桜木交番,121045,千葉県,千葉市若葉区,桜木２丁目,2018-11-05,17,その他の住宅（３階建て以下共同住宅等）,キーなし,あり,なし
窃盗,オートバイ盗,千葉東,桜木交番,121045,千葉県,千葉市若葉区,桜木４丁目,2018-06-26,23,その他の住宅（３階建て以下共同住宅等）,キーなし,なし,原動機付自転車（50cc以下）
窃盗,オートバイ盗,千葉東,桜木交番,121045,千葉県,千葉市若葉区,桜木北３丁目,不明,不明,駐車（輪）場,キーなし,なし,原動機付自転車（50cc以下）
窃盗,オートバイ盗,千葉東,千城台交番,121045,千葉県,千葉市若葉区,御成台２丁目,2018-10-14,23,一戸建住宅,キーなし,なし,自動二輪（50cc超）
窃盗,オートバイ盗,千葉東,千城台交番,121045,千葉県,千葉市若葉区,金親町,2018-10-15,02,一戸建住宅,キーなし,なし,自動二輪（50cc超）
窃盗,オートバイ盗,千葉東,千城台交番,121045,千葉県,千葉市若葉区,千城台北１丁目,2018-08-17,15,駐車（輪）場,キーなし,なし,原動機付自転車（50cc以下）
窃盗,オートバイ盗,千葉東,千城台交番,121045,千葉県,千葉市若葉区,千城台北１丁目,2018-09-24,21,その他,キーなし,なし,自動二輪（50cc超）
窃盗,オートバイ盗,千葉東,千城台交番,121045,千葉県,千葉市若葉区,千城台北３丁目,2014-11-01,00,駐車（輪）場,キーなし,なし,原動機付自転車（50cc以下）
窃盗,オートバイ盗,千葉東,千城台交番,121045,千葉県,千葉市若葉区,千城台西３丁目,2016-01-01,00,駐車（輪）場,キーなし,なし,原動機付自転車（50cc以下）
窃盗,オートバイ盗,千葉東,都賀交番,121045,千葉県,千葉市若葉区,高品町,2018-03-26,18,一戸建住宅,キーなし,なし,自動二輪（50cc超）
窃盗,オートバイ盗,千葉東,都賀交番,121045,千葉県,千葉市若葉区,都賀３丁目,2018-05-14,19,その他の住宅（３階建て以下共同住宅等）,キーなし,なし,原動機付自転車（50cc以下）
窃盗,オートバイ盗,千葉東,都賀交番,121045,千葉県,千葉市若葉区,都賀３丁目,2018-08-12,18,駐車（輪）場,キーなし,なし,原動機付自転車（50cc以下）
窃盗,オートバイ盗,千葉東,都賀交番,121045,千葉県,千葉市若葉区,都賀３丁目,2018-09-06,06,駐車（輪）場,キーなし,なし,原動機付自転車（50cc以下）
窃盗,オートバイ盗,千葉東,都賀交番,121045,千葉県,千葉市若葉区,都賀５丁目,2018-08-24,23,その他の住宅（３階建て以下共同住宅等）,キーなし,なし,原動機付自転車（50cc以下）
窃盗,オートバイ盗,千葉東,都賀交番,121045,千葉県,千葉市若葉区,西都賀２丁目,2018-06-16,09,その他,キーなし,なし,自動二輪（50cc超）
窃盗,オートバイ盗,千葉東,都賀交番,121045,千葉県,千葉市若葉区,西都賀２丁目,2018-08-07,20,その他の住宅（３階建て以下共同住宅等）,キーなし,なし,原動機付自転車（50cc以下）
窃盗,オートバイ盗,千葉東,都賀交番,121045,千葉県,千葉市若葉区,西都賀３丁目,2018-06-25,18,その他の住宅（３階建て以下共同住宅等）,キーなし,なし,自動二輪（50cc超）
窃盗,オートバイ盗,千葉東,みつわ台交番,121045,千葉県,千葉市若葉区,原町,2018-11-22,18,一戸建住宅,キーなし,あり,原動機付自転車（50cc以下）
窃盗,オートバイ盗,千葉東,みつわ台交番,121045,千葉県,千葉市若葉区,東寺山町,2018-06-07,10,駐車（輪）場,キーなし,なし,原動機付自転車（50cc以下）
窃盗,オートバイ盗,千葉東,みつわ台交番,121045,千葉県,千葉市若葉区,東寺山町,2018-11-01,不明,４階建て以上共同住宅,キーなし,なし,自動二輪（50cc超）
窃盗,オートバイ盗,千葉東,みつわ台交番,121045,千葉県,千葉市若葉区,みつわ台２丁目,2018-03-21,17,駐車（輪）場,キーなし,なし,自動二輪（50cc超）
窃盗,オートバイ盗,千葉東,みつわ台交番,121045,千葉県,千葉市若葉区,みつわ台２丁目,2018-09-22,18,駐車（輪）場,キーなし,なし,自動二輪（50cc超）
窃盗,オートバイ盗,千葉東,みつわ台交番,121045,千葉県,千葉市若葉区,みつわ台３丁目,2018-08-01,07,４階建て以上共同住宅,キーなし,なし,原動機付自転車（50cc以下）
窃盗,オートバイ盗,千葉東,みつわ台交番,121045,千葉県,千葉市若葉区,みつわ台３丁目,2018-08-15,19,４階建て以上共同住宅,キーなし,あり,自動二輪（50cc超）
窃盗,オートバイ盗,千葉東,みつわ台交番,121045,千葉県,千葉市若葉区,みつわ台３丁目,2018-09-09,08,駐車（輪）場,キーなし,なし,自動二輪（50cc超）
窃盗,オートバイ盗,千葉東,みつわ台交番,121045,千葉県,千葉市若葉区,みつわ台５丁目,2017-12-31,18,４階建て以上共同住宅,キーなし,なし,原動機付自転車（50cc以下）
窃盗,オートバイ盗,千葉東,みつわ台交番,121045,千葉県,千葉市若葉区,みつわ台５丁目,2018-03-20,12,駐車（輪）場,キーなし,なし,原動機付自転車（50cc以下）
窃盗,オートバイ盗,千葉東,みつわ台交番,121045,千葉県,千葉市若葉区,みつわ台５丁目,2018-08-15,17,駐車（輪）場,キーなし,なし,自動二輪（50cc超）
窃盗,オートバイ盗,千葉東,若松交番,121045,千葉県,千葉市若葉区,若松町,2018-10-24,19,その他の住宅（３階建て以下共同住宅等）,キーなし,なし,自動二輪（50cc超）
窃盗,オートバイ盗,千葉東,坂月駐在所,121045,千葉県,千葉市若葉区,川井町,2018-10-14,20,一戸建住宅,キーなし,なし,自動二輪（50cc超）
窃盗,オートバイ盗,千葉東,中田駐在所,121045,千葉県,千葉市若葉区,中田町,2018-09-22,20,その他,キーなし,なし,自動二輪（50cc超）
窃盗,オートバイ盗,鎌ケ谷,鎌ヶ谷大仏交番,122246,千葉県,鎌ケ谷市,丸山３丁目,2018-05-11,12,駐車（輪）場,キーなし,なし,原動機付自転車（50cc以下）
窃盗,オートバイ盗,鎌ケ谷,鎌ヶ谷大仏交番,122246,千葉県,鎌ケ谷市,東道野辺４丁目,2018-05-04,13,一戸建住宅,キーなし,なし,原動機付自転車（50cc以下）
窃盗,オートバイ盗,鎌ケ谷,鎌ヶ谷大仏交番,122246,千葉県,鎌ケ谷市,東道野辺６丁目,2018-08-01,08,一戸建住宅,キーなし,なし,自動二輪（50cc超）
窃盗,オートバイ盗,鎌ケ谷,鎌ヶ谷大仏交番,122246,千葉県,鎌ケ谷市,東初富４丁目,不明,不明,駐車（輪）場,キーなし,なし,原動機付自転車（50cc以下）
窃盗,オートバイ盗,鎌ケ谷,鎌ヶ谷大仏交番,122246,千葉県,鎌ケ谷市,南鎌ケ谷４丁目,不明,不明,駐車（輪）場,キーなし,なし,原動機付自転車（50cc以下）
窃盗,オートバイ盗,鎌ケ谷,くぬぎ山交番,122246,千葉県,鎌ケ谷市,くぬぎ山２丁目,不明,不明,その他の住宅（３階建て以下共同住宅等）,キーなし,なし,自動二輪（50cc超）
窃盗,オートバイ盗,鎌ケ谷,くぬぎ山交番,122246,千葉県,鎌ケ谷市,くぬぎ山３丁目,2018-02-23,22,一戸建住宅,キーなし,なし,自動二輪（50cc超）
窃盗,オートバイ盗,鎌ケ谷,鎌ヶ谷駅前交番,122246,千葉県,鎌ケ谷市,富岡２丁目,2018-05-24,00,駐車（輪）場,キーなし,なし,原動機付自転車（50cc以下）
窃盗,オートバイ盗,鎌ケ谷,鎌ヶ谷駅前交番,122246,千葉県,鎌ケ谷市,西道野辺,2018-05-22,00,駐車（輪）場,キーなし,なし,原動機付自転車（50cc以下）
窃盗,オートバイ盗,鎌ケ谷,鎌ヶ谷駅前交番,122246,千葉県,鎌ケ谷市,西道野辺,2018-08-02,01,駐車（輪）場,キーなし,なし,原動機付自転車（50cc以下）
窃盗,オートバイ盗,鎌ケ谷,鎌ヶ谷駅前交番,122246,千葉県,鎌ケ谷市,道野辺本町２丁目,2018-08-10,06,駐車（輪）場,キーなし,なし,原動機付自転車（50cc以下）
窃盗,オートバイ盗,鎌ケ谷,鎌ヶ谷駅前交番,122246,千葉県,鎌ケ谷市,道野辺本町２丁目,2018-08-20,20,駐車（輪）場,キーなし,なし,自動二輪（50cc超）
窃盗,オートバイ盗,鎌ケ谷,新鎌ヶ谷駅前交番,122246,千葉県,鎌ケ谷市,新鎌ケ谷１丁目,不明,不明,道路上,キーなし,なし,原動機付自転車（50cc以下）
窃盗,オートバイ盗,鎌ケ谷,新鎌ヶ谷駅前交番,122246,千葉県,鎌ケ谷市,新鎌ケ谷１丁目,2018-09-08,12,一戸建住宅,キーなし,なし,自動二輪（50cc超）
窃盗,オートバイ盗,千葉北,穴川交番,121037,千葉県,千葉市稲毛区,穴川３丁目,2018-06-26,00,その他の住宅（３階建て以下共同住宅等）,キーなし,なし,自動二輪（50cc超）
窃盗,オートバイ盗,千葉北,穴川交番,121037,千葉県,千葉市稲毛区,園生町,2013-06-20,00,その他の住宅（３階建て以下共同住宅等）,キーなし,なし,原動機付自転車（50cc以下）
窃盗,オートバイ盗,千葉北,穴川交番,121037,千葉県,千葉市稲毛区,園生町,2018-08-24,14,駐車（輪）場,キーなし,なし,自動二輪（50cc超）
窃盗,オートバイ盗,千葉北,柏台交番,121037,千葉県,千葉市稲毛区,柏台,2018-09-30,20,４階建て以上共同住宅,キーなし,なし,自動二輪（50cc超）
窃盗,オートバイ盗,千葉北,柏台交番,121037,千葉県,千葉市稲毛区,園生町,2017-12-29,12,駐車（輪）場,キーなし,なし,自動二輪（50cc超）
窃盗,オートバイ盗,千葉北,柏台交番,121037,千葉県,千葉市稲毛区,長沼町,2018-02-05,10,駐車（輪）場,キーなし,あり,原動機付自転車（50cc以下）
窃盗,オートバイ盗,千葉北,こてはし台交番,121029,千葉県,千葉市花見川区,こてはし台６丁目,2018-05-18,18,その他,キーなし,なし,自動二輪（50cc超）
窃盗,オートバイ盗,千葉北,こてはし台交番,121029,千葉県,千葉市花見川区,三角町,2018-07-26,18,一戸建住宅,キーなし,なし,自動二輪（50cc超）
窃盗,オートバイ盗,千葉北,こてはし台交番,121029,千葉県,千葉市花見川区,三角町,2018-10-08,22,その他の住宅（３階建て以下共同住宅等）,キーなし,なし,自動二輪（50cc超）
窃盗,オートバイ盗,千葉北,作草部交番,121037,千葉県,千葉市稲毛区,轟町５丁目,2013-03-15,19,駐車（輪）場,キーなし,なし,自動二輪（50cc超）
窃盗,オートバイ盗,千葉北,作新台交番,121029,千葉県,千葉市花見川区,作新台８丁目,2018-05-19,19,駐車（輪）場,キーなし,なし,原動機付自転車（50cc以下）
窃盗,オートバイ盗,千葉北,作新台交番,121029,千葉県,千葉市花見川区,長作町,2018-06-13,15,その他の住宅（３階建て以下共同住宅等）,キーなし,なし,原動機付自転車（50cc以下）
窃盗,オートバイ盗,千葉北,作新台交番,121029,千葉県,千葉市花見川区,長作町,2018-08-15,08,一戸建住宅,キーなし,なし,自動二輪（50cc超）
窃盗,オートバイ盗,千葉北,長沼交番,121029,千葉県,千葉市花見川区,犢橋町,2018-02-18,18,一戸建住宅,キーなし,なし,自動二輪（50cc超）
窃盗,オートバイ盗,千葉北,長沼交番,121029,千葉県,千葉市花見川区,犢橋町,2018-09-10,07,その他の住宅（３階建て以下共同住宅等）,キーなし,あり,なし
窃盗,オートバイ盗,千葉北,長沼交番,121029,千葉県,千葉市花見川区,千種町,2018-08-04,19,その他の住宅（３階建て以下共同住宅等）,キーなし,なし,自動二輪（50cc超）
窃盗,オートバイ盗,千葉北,長沼交番,121029,千葉県,千葉市花見川区,千種町,2018-08-28,21,その他の住宅（３階建て以下共同住宅等）,キーなし,なし,自動二輪（50cc超）
窃盗,オートバイ盗,千葉北,長沼交番,121029,千葉県,千葉市花見川区,千種町,2018-09-20,20,その他の住宅（３階建て以下共同住宅等）,キーなし,なし,自動二輪（50cc超）
窃盗,オートバイ盗,千葉北,長沼交番,121029,千葉県,千葉市花見川区,千種町,2018-12-06,19,駐車（輪）場,キーなし,なし,自動二輪（50cc超）
窃盗,オートバイ盗,千葉北,長沼交番,121029,千葉県,千葉市花見川区,千種町,2018-12-10,09,その他の住宅（３階建て以下共同住宅等）,キーなし,なし,自動二輪（50cc超）
窃盗,オートバイ盗,千葉北,長沼交番,121037,千葉県,千葉市稲毛区,園生町,2018-09-22,13,４階建て以上共同住宅,キーなし,あり,自動二輪（50cc超）
窃盗,オートバイ盗,千葉北,長沼交番,121037,千葉県,千葉市稲毛区,園生町,2018-09-22,22,４階建て以上共同住宅,キーなし,なし,自動二輪（50cc超）
窃盗,オートバイ盗,千葉北,長沼交番,121037,千葉県,千葉市稲毛区,長沼町,2018-07-20,01,その他,キーなし,あり,自動二輪（50cc超）
窃盗,オートバイ盗,千葉北,畑交番,121029,千葉県,千葉市花見川区,さつきが丘２丁目,2018-05-06,15,４階建て以上共同住宅,キーなし,なし,原動機付自転車（50cc以下）
窃盗,オートバイ盗,千葉北,花見川交番,121029,千葉県,千葉市花見川区,花見川,2018-06-06,18,４階建て以上共同住宅,キーなし,あり,原動機付自転車（50cc以下）
窃盗,オートバイ盗,千葉北,花見川交番,121029,千葉県,千葉市花見川区,花見川,2018-08-11,16,４階建て以上共同住宅,キーなし,なし,原動機付自転車（50cc以下）
窃盗,オートバイ盗,千葉北,花見川交番,121029,千葉県,千葉市花見川区,花見川,2018-08-11,不明,駐車（輪）場,キーなし,なし,原動機付自転車（50cc以下）
窃盗,オートバイ盗,千葉北,宮野木交番,121029,千葉県,千葉市花見川区,さつきが丘１丁目,2018-05-16,03,４階建て以上共同住宅,キーなし,あり,原動機付自転車（50cc以下）
窃盗,オートバイ盗,千葉北,宮野木交番,121029,千葉県,千葉市花見川区,さつきが丘２丁目,不明,不明,４階建て以上共同住宅,キーなし,あり,原動機付自転車（50cc以下）
窃盗,オートバイ盗,千葉北,山王交番,121037,千葉県,千葉市稲毛区,小深町,2018-09-02,19,道路上,キーなし,なし,自動二輪（50cc超）
窃盗,オートバイ盗,千葉北,山王交番,121037,千葉県,千葉市稲毛区,山王町,2018-04-30,08,一戸建住宅,キーなし,なし,原動機付自転車（50cc以下）
窃盗,オートバイ盗,千葉北,山王交番,121037,千葉県,千葉市稲毛区,山王町,2018-05-11,12,その他の住宅（３階建て以下共同住宅等）,キーなし,なし,自動二輪（50cc超）
窃盗,オートバイ盗,千葉北,山王交番,121037,千葉県,千葉市稲毛区,山王町,2018-06-23,00,その他の住宅（３階建て以下共同住宅等）,キーなし,なし,原動機付自転車（50cc以下）
窃盗,オートバイ盗,千葉北,山王交番,121037,千葉県,千葉市稲毛区,山王町,2018-06-23,12,その他の住宅（３階建て以下共同住宅等）,キーなし,なし,原動機付自転車（50cc以下）
窃盗,オートバイ盗,千葉北,山王交番,121037,千葉県,千葉市稲毛区,山王町,2018-06-24,19,その他の住宅（３階建て以下共同住宅等）,キーなし,なし,原動機付自転車（50cc以下）
窃盗,オートバイ盗,千葉北,山王交番,121037,千葉県,千葉市稲毛区,山王町,2018-07-11,17,一戸建住宅,キーなし,なし,原動機付自転車（50cc以下）
窃盗,オートバイ盗,千葉北,山王交番,121037,千葉県,千葉市稲毛区,山王町,2018-08-07,18,道路上,キーなし,なし,原動機付自転車（50cc以下）
窃盗,オートバイ盗,千葉北,山王交番,121037,千葉県,千葉市稲毛区,山王町,2018-08-30,22,駐車（輪）場,キーなし,なし,なし
窃盗,オートバイ盗,千葉北,山王交番,121037,千葉県,千葉市稲毛区,山王町,2018-09-02,20,４階建て以上共同住宅,キーなし,なし,自動二輪（50cc超）
窃盗,オートバイ盗,千葉北,山王交番,121037,千葉県,千葉市稲毛区,山王町,2018-09-11,21,４階建て以上共同住宅,キーなし,あり,原動機付自転車（50cc以下）
窃盗,オートバイ盗,千葉北,山王交番,121037,千葉県,千葉市稲毛区,山王町,2018-09-20,15,一戸建住宅,キーなし,なし,自動二輪（50cc超）
窃盗,オートバイ盗,千葉北,山王交番,121037,千葉県,千葉市稲毛区,山王町,2018-10-14,18,一戸建住宅,キーなし,あり,自動二輪（50cc超）
窃盗,オートバイ盗,千葉北,山王交番,121037,千葉県,千葉市稲毛区,山王町,2018-12-17,17,駐車（輪）場,キーなし,なし,自動二輪（50cc超）
窃盗,オートバイ盗,千葉北,山王交番,121037,千葉県,千葉市稲毛区,長沼原町,2018-07-04,19,その他,キーなし,なし,自動二輪（50cc超）
窃盗,オートバイ盗,千葉北,山王交番,121037,千葉県,千葉市稲毛区,長沼原町,2018-10-07,15,一戸建住宅,キーなし,なし,自動二輪（50cc超）
窃盗,オートバイ盗,千葉北,山王交番,121037,千葉県,千葉市稲毛区,六方町,2018-10-07,17,駐車（輪）場,キーなし,なし,自動二輪（50cc超）
窃盗,オートバイ盗,行徳,今井橋交番,122033,千葉県,市川市,島尻,2018-07-17,18,駐車（輪）場,キーなし,なし,自動二輪（50cc超）
窃盗,オートバイ盗,行徳,今井橋交番,122033,千葉県,市川市,広尾１丁目,2018-12-23,20,道路上,キーなし,なし,原動機付自転車（50cc以下）
窃盗,オートバイ盗,行徳,香取交番,122033,千葉県,市川市,欠真間２丁目,2018-10-10,14,道路上,キーなし,なし,原動機付自転車（50cc以下）
窃盗,オートバイ盗,行徳,香取交番,122033,千葉県,市川市,香取２丁目,2018-03-14,09,その他の住宅（３階建て以下共同住宅等）,キーなし,なし,自動二輪（50cc超）
窃盗,オートバイ盗,行徳,香取交番,122033,千葉県,市川市,福栄２丁目,2018-12-19,15,その他の住宅（３階建て以下共同住宅等）,キーなし,なし,原動機付自転車（50cc以下）
窃盗,オートバイ盗,行徳,行徳駅前交番,122033,千葉県,市川市,行徳駅前１丁目,不明,不明,道路上,キーなし,なし,自動二輪（50cc超）
窃盗,オートバイ盗,行徳,行徳駅前交番,122033,千葉県,市川市,行徳駅前１丁目,2018-04-10,06,駐車（輪）場,キーなし,なし,原動機付自転車（50cc以下）
窃盗,オートバイ盗,行徳,行徳駅前交番,122033,千葉県,市川市,行徳駅前２丁目,2018-07-30,20,道路上,キーなし,なし,自動二輪（50cc超）
窃盗,オートバイ盗,行徳,行徳駅前交番,122033,千葉県,市川市,行徳駅前４丁目,2018-08-08,19,その他の住宅（３階建て以下共同住宅等）,キーなし,なし,原動機付自転車（50cc以下）
窃盗,オートバイ盗,行徳,行徳駅前交番,122033,千葉県,市川市,末広１丁目,2018-07-31,00,道路上,キーなし,なし,自動二輪（50cc超）
窃盗,オートバイ盗,行徳,行徳駅前交番,122033,千葉県,市川市,福栄２丁目,2016-01-08,17,その他の住宅（３階建て以下共同住宅等）,キーなし,なし,自動二輪（50cc超）
窃盗,オートバイ盗,行徳,南行徳駅前交番,122033,千葉県,市川市,相之川４丁目,2018-01-17,19,駐車（輪）場,キーなし,なし,原動機付自転車（50cc以下）
窃盗,オートバイ盗,行徳,南行徳駅前交番,122033,千葉県,市川市,相之川４丁目,2018-09-05,22,駐車（輪）場,キーなし,なし,原動機付自転車（50cc以下）
窃盗,オートバイ盗,行徳,南行徳駅前交番,122033,千葉県,市川市,相之川４丁目,2018-12-22,10,駐車（輪）場,キーなし,なし,原動機付自転車（50cc以下）
窃盗,オートバイ盗,行徳,南行徳駅前交番,122033,千葉県,市川市,塩浜４丁目,2018-06-01,19,駐車（輪）場,キーなし,あり,自動二輪（50cc超）
窃盗,オートバイ盗,行徳,南行徳駅前交番,122033,千葉県,市川市,福栄４丁目,2018-07-22,09,その他の住宅（３階建て以下共同住宅等）,キーなし,なし,自動二輪（50cc超）
窃盗,オートバイ盗,行徳,南行徳駅前交番,122033,千葉県,市川市,南行徳４丁目,2018-11-26,19,一戸建住宅,キーなし,なし,原動機付自転車（50cc以下）
窃盗,オートバイ盗,行徳,妙典駅前交番,122033,千葉県,市川市,押切,2018-08-21,23,道路上,キーなし,なし,原動機付自転車（50cc以下）
窃盗,オートバイ盗,行徳,妙典駅前交番,122033,千葉県,市川市,幸２丁目,2018-07-08,13,４階建て以上共同住宅,キーなし,なし,自動二輪（50cc超）
窃盗,オートバイ盗,行徳,妙典駅前交番,122033,千葉県,市川市,宝１丁目,2018-06-03,19,駐車（輪）場,キーなし,あり,自動二輪（50cc超）
窃盗,オートバイ盗,行徳,妙典駅前交番,122033,千葉県,市川市,日之出,2018-06-26,17,道路上,キーなし,なし,自動二輪（50cc超）
窃盗,オートバイ盗,行徳,妙典駅前交番,122033,千葉県,市川市,妙典１丁目,2018-08-02,08,その他の住宅（３階建て以下共同住宅等）,キーなし,なし,原動機付自転車（50cc以下）
窃盗,オートバイ盗,行徳,妙典駅前交番,122033,千葉県,市川市,妙典５丁目,2018-01-27,16,駐車（輪）場,キーなし,なし,自動二輪（50cc超）
窃盗,オートバイ盗,四街道,旭交番,122289,千葉県,四街道市,みそら３丁目,2018-05-30,20,駐車（輪）場,キーなし,あり,自動二輪（50cc超）
窃盗,オートバイ盗,四街道,旭交番,122289,千葉県,四街道市,山梨,2018-07-13,19,駐車（輪）場,キーなし,なし,自動二輪（50cc超）
窃盗,オートバイ盗,四街道,千代田交番,122289,千葉県,四街道市,栗山,2018-08-27,21,その他の住宅（３階建て以下共同住宅等）,キーなし,なし,自動二輪（50cc超）
窃盗,オートバイ盗,四街道,千代田交番,122289,千葉県,四街道市,千代田１丁目,2018-08-28,22,道路上,キーなし,なし,自動二輪（50cc超）
窃盗,オートバイ盗,四街道,千代田交番,122289,千葉県,四街道市,もねの里３丁目,不明,不明,駐車（輪）場,キーなし,あり,自動二輪（50cc超）
窃盗,オートバイ盗,四街道,千代田交番,122289,千葉県,四街道市,もねの里５丁目,2018-05-15,21,一戸建住宅,キーなし,なし,自動二輪（50cc超）
窃盗,オートバイ盗,四街道,大日交番,122289,千葉県,四街道市,大日,2018-01-05,21,駐車（輪）場,キーなし,あり,原動機付自転車（50cc以下）
窃盗,オートバイ盗,四街道,大日交番,122289,千葉県,四街道市,大日,2018-09-04,03,一戸建住宅,キーなし,あり,自動二輪（50cc超）
窃盗,オートバイ盗,四街道,大日交番,122289,千葉県,四街道市,大日,2018-09-16,01,一戸建住宅,キーなし,なし,自動二輪（50cc超）
窃盗,オートバイ盗,四街道,大日交番,122289,千葉県,四街道市,鹿放ケ丘,2018-02-19,00,駐車（輪）場,キーなし,あり,自動二輪（50cc超）
窃盗,オートバイ盗,四街道,大日交番,122289,千葉県,四街道市,鹿放ケ丘,2018-03-16,08,駐車（輪）場,キーなし,なし,自動二輪（50cc超）
窃盗,オートバイ盗,四街道,四街道駅前交番,122289,千葉県,四街道市,下志津新田,2018-07-06,22,一戸建住宅,キーなし,なし,原動機付自転車（50cc以下）
窃盗,オートバイ盗,四街道,四街道駅前交番,122289,千葉県,四街道市,四街道,2018-09-21,22,駐車（輪）場,キーなし,なし,自動二輪（50cc超）
窃盗,オートバイ盗,四街道,四街道駅前交番,122289,千葉県,四街道市,四街道１丁目,2018-09-10,02,その他の住宅（３階建て以下共同住宅等）,キーなし,なし,原動機付自転車（50cc以下）
窃盗,オートバイ盗,四街道,四街道駅前交番,122289,千葉県,四街道市,四街道２丁目,2018-06-08,21,駐車（輪）場,キーなし,なし,原動機付自転車（50cc以下）
窃盗,オートバイ盗,四街道,四街道駅前交番,122289,千葉県,四街道市,和良比,2018-10-04,19,一戸建住宅,キーなし,なし,自動二輪（50cc超）
窃盗,オートバイ盗,四街道,四街道駅前交番,122289,千葉県,四街道市,和良比,2018-11-27,22,一戸建住宅,キーなし,なし,原動機付自転車（50cc以下）
窃盗,オートバイ盗,四街道,四街道駅前交番,122289,千葉県,四街道市,美しが丘１丁目,2018-12-24,02,４階建て以上共同住宅,キーなし,なし,自動二輪（50cc超）
